Date,Open,High,Low,Close,Volume
2016-04-29,12.16,12.32,12.16,12.32,309200
2016-05-03,12.3,12.3,11.92,11.96,243000
2016-05-04,11.76,11.76,11.54,11.62,191200
2016-05-05,11.62,12,11.62,12,206800
2016-05-06,11.74,11.74,11.58,11.68,119800
2016-05-09,12.04,12.04,11.98,11.98,72600
2016-05-10,11.56,11.9,11.44,11.5,409600
2016-05-11,11.78,11.84,11.64,11.66,554800
2016-05-12,12.12,12.3,12.12,12.3,813000
2016-05-13,12.28,12.36,12.22,12.34,280400
2016-05-16,12.28,12.5,12.28,12.48,473000
2016-05-17,12.7,12.82,12.66,12.82,404400
2016-05-18,12.86,12.86,12.74,12.78,288600
2016-05-19,12.52,12.54,12.4,12.46,617800
2016-05-20,12.78,12.82,12.7,12.74,152200
2016-05-23,12.52,12.52,12.46,12.46,36000
2016-05-24,12.46,12.46,12.4,12.42,331800
2016-05-25,12.78,12.82,12.78,12.8,228000
2016-05-26,12.86,12.96,12.86,12.94,170000
2016-05-27,12.8,12.8,12.74,12.74,43200
2016-05-30,12.8,12.8,12.74,12.78,85600
2016-05-31,12.84,12.92,12.84,12.88,121000
2016-06-01,12.72,12.72,12.64,12.64,61600
2016-06-02,12.7,12.78,12.68,12.78,117800
2016-06-03,12.76,12.76,12.76,12.76,27800
2016-06-06,12.76,12.76,12.7,12.76,410800
2016-06-07,12.86,12.92,12.86,12.92,88400
2016-06-08,13.06,13.12,13.06,13.08,227400
2016-06-10,13.08,13.08,12.98,12.98,7000
2016-06-13,12.56,12.62,12.54,12.62,256800
2016-06-14,12.6,12.6,12.5,12.5,61200
2016-06-15,12.36,12.48,12.32,12.46,72800
2016-06-16,12.4,12.4,12.26,12.26,66400
2016-06-17,12.08,12.12,12.02,12.08,538800
2016-06-20,12.52,12.62,12.52,12.62,32000
2016-06-21,12.72,12.72,12.68,12.7,6000
2016-06-22,12.78,12.86,12.78,12.86,2800
2016-06-23,12.7,12.7,12.6,12.64,53000
2016-06-24,12.34,12.62,11.98,12.32,158200
2016-06-27,12.2,12.28,12.08,12.24,4600
2016-06-28,11.96,12.14,11.96,12.12,86200
2016-06-29,12.36,12.46,12.32,12.44,191200
2016-06-30,12.66,12.66,12.64,12.66,54200
2016-07-04,12.58,12.66,12.56,12.6,3200
2016-07-05,12.42,12.42,12.3,12.3,9400
2016-07-06,11.88,12.06,11.86,12,234400
2016-07-07,12.1,12.26,12.1,12.24,49200
2016-07-08,11.88,11.88,11.68,11.7,291800
2016-07-11,11.7,11.7,11.48,11.48,215600
2016-07-12,11.54,11.62,11.52,11.6,77400
2016-07-13,11.9,11.94,11.86,11.9,178400
2016-07-14,11.7,11.7,11.58,11.6,170400
2016-07-15,11.58,11.68,11.56,11.6,135400
2016-07-18,11.74,11.78,11.74,11.76,94800
2016-07-19,11.58,11.62,11.54,11.58,145000
2016-07-20,11.5,11.5,11.48,11.48,91000
2016-07-21,11.54,11.6,11.54,11.6,67400
2016-07-22,11.28,11.34,11.2,11.22,216400
2016-07-25,11.16,11.2,11.14,11.14,60400
2016-07-26,10.94,10.96,10.86,10.86,146200
2016-07-27,10.86,10.88,10.8,10.86,75800
2016-07-28,10.68,10.74,10.58,10.62,113600
2016-07-29,10.56,10.56,10.32,10.34,269200
2016-08-01,10.52,10.58,10.44,10.44,64000
2016-08-03,10.3,10.4,9.97,10.02,187200
2016-08-04,10.4,10.42,10.32,10.32,113800
2016-08-05,10.54,10.58,10.48,10.56,208800
2016-08-08,10.56,10.68,10.56,10.68,37200
2016-08-09,10.8,10.82,10.74,10.8,84600
2016-08-10,10.76,10.78,10.68,10.68,42400
2016-08-11,10.46,10.52,10.42,10.42,77800
2016-08-12,10.9,11.12,10.9,11,201200
2016-08-15,11.24,11.36,11.24,11.36,68600
2016-08-16,11.44,11.54,11.4,11.5,81200
2016-08-17,11.48,11.66,11.48,11.64,72600
2016-08-18,11.7,11.84,11.7,11.84,174800
2016-08-19,11.98,12.24,11.98,12.08,141400
2016-08-22,12.06,12.06,11.92,11.96,250600
2016-08-23,11.64,11.68,11.56,11.66,99200
2016-08-24,11.66,11.84,11.66,11.74,24400
2016-08-25,11.58,11.64,11.58,11.62,26600
2016-08-26,11.7,11.76,11.7,11.76,528800
2016-08-29,11.7,11.7,11.62,11.62,16800
2016-08-30,11.64,11.7,11.64,11.7,83000
2016-08-31,11.48,11.48,11.46,11.46,25200
2016-09-01,11.2,11.2,11.14,11.14,72800
2016-09-02,11.02,11.02,10.74,10.74,260800
2016-09-05,10.92,11.38,10.92,11.22,226600
2016-09-06,11.28,11.28,11.16,11.16,81400
2016-09-07,11.1,11.22,11.1,11.22,140400
2016-09-08,11.46,11.52,11.44,11.52,154800
2016-09-09,11.68,11.74,11.68,11.68,62400
2016-09-12,11.22,11.24,11.16,11.18,220200
2016-09-13,11.38,11.38,11.28,11.28,21400
2016-09-14,11.18,11.18,11.16,11.18,21200
2016-09-15,10.86,10.86,10.82,10.84,376200
2016-09-19,11,11,10.84,10.84,164600
2016-09-20,10.72,10.72,10.66,10.66,148200
2016-09-21,10.96,11.02,10.96,11.02,84200
2016-09-22,11.22,11.22,11.18,11.18,186600
2016-09-23,11.18,11.22,11.16,11.16,170200
2016-09-26,11,11,10.9,10.9,35800
2016-09-27,11.16,11.2,11.14,11.18,199200
2016-09-28,10.94,10.96,10.92,10.94,19800
2016-09-29,11.54,11.58,11.48,11.48,285000
2016-09-30,11.48,11.68,11.48,11.54,576600
2016-10-03,11.76,11.8,11.7,11.78,188600
2016-10-04,11.88,11.88,11.82,11.82,58400
2016-10-05,12,12.06,12,12.06,281000
2016-10-06,12.12,12.12,12.04,12.04,53200
2016-10-07,12.12,12.36,12.12,12.36,124200
2016-10-11,12.48,12.54,12.48,12.54,71800
2016-10-12,12.38,12.44,12.38,12.42,119600
2016-10-13,12.12,12.16,12.1,12.16,42400
2016-10-14,12.3,12.44,12.3,12.44,173600
2016-10-17,12.36,12.36,12.2,12.2,13400
2016-10-18,12.28,12.3,12.22,12.28,48200
2016-10-19,12.38,12.38,12.34,12.34,35800
2016-10-20,12.5,12.54,12.44,12.44,16200
2016-10-24,12.38,12.38,12.2,12.3,36000
2016-10-25,12.22,12.24,12.18,12.24,10200
2016-10-26,11.98,11.98,11.88,11.94,9600
2016-10-27,11.9,11.9,11.86,11.88,109400
2016-10-28,11.98,12.02,11.98,11.98,52800
2016-10-31,11.74,11.76,11.68,11.7,32400
2016-11-01,11.36,11.4,11.34,11.36,184000
2016-11-02,11.26,11.26,11.18,11.22,65600
2016-11-03,11.1,11.16,11.02,11.04,93600
2016-11-04,11,11,10.78,10.8,212400
2016-11-07,10.78,10.84,10.76,10.78,272800
2016-11-08,10.86,10.88,10.84,10.84,69200
2016-11-09,10.84,10.84,10.46,10.78,355900
2016-11-10,10.78,11.04,10.78,11.04,114200
2016-11-11,10.9,10.9,10.72,10.8,144800
2016-11-14,10.7,10.7,10.48,10.52,138600
2016-11-15,11.46,11.46,10.56,10.66,355600
2016-11-16,11,11.12,10.96,11.1,113400
2016-11-17,11,11,10.92,10.92,62800
2016-11-18,10.86,10.88,10.84,10.88,23000
2016-11-21,11.1,11.18,11.1,11.16,90000
2016-11-22,11.48,11.62,11.48,11.54,145800
2016-11-23,11.44,11.44,11.34,11.42,184600
2016-11-24,11.38,11.44,11.36,11.44,26400
2016-11-25,11.42,11.42,11.24,11.24,36000
2016-11-28,10.98,11,10.8,10.86,138600
2016-11-29,11.1,11.14,11.04,11.06,161400
2016-11-30,10.8,10.98,10.8,10.9,477200
2016-12-01,11.6,11.9,11.6,11.8,636600
2016-12-02,11.9,12.08,11.9,11.98,368200
2016-12-05,12.08,12.14,12.08,12.1,163800
2016-12-06,12.14,12.18,12.12,12.18,60800
2016-12-07,12.04,12.04,11.94,12.02,93400
2016-12-08,11.9,11.9,11.76,11.8,98600
2016-12-09,12,12.12,12,12.1,80800
2016-12-12,12.72,12.84,12.7,12.82,191400
2016-12-13,12.52,12.54,12.46,12.5,101600
2016-12-14,12.42,12.42,12.34,12.4,47000
2016-12-15,12.16,12.16,12.02,12.12,188200
2016-12-16,12.18,12.18,12.1,12.1,28800
2016-12-19,12.38,12.48,12.38,12.38,178200
2016-12-20,12.34,12.34,12.32,12.32,10800
2016-12-21,12.46,12.46,12.42,12.46,6000
2016-12-22,12.28,12.28,12.18,12.24,9800
2016-12-23,12.24,12.28,12.22,12.26,47800
2016-12-28,12.5,12.52,12.48,12.52,87400
2016-12-29,12.48,12.52,12.46,12.52,5800
2016-12-30,12.5,12.56,12.5,12.56,16600
2017-01-03,12.56,12.56,12.54,12.54,75200
2017-01-04,12.48,12.48,12.22,12.22,143600
2017-01-05,12.38,12.38,12.38,12.38,60200
2017-01-06,12.3,12.48,12.3,12.48,11200
2017-01-09,12.48,12.48,12.46,12.46,22800
2017-01-10,12.28,12.28,12.08,12.1,126400
2017-01-11,11.88,11.9,11.86,11.9,142800
2017-01-12,12.1,12.14,12.1,12.14,41600
2017-01-13,12.3,12.34,12.28,12.28,32800
2017-01-16,12.18,12.18,12.14,12.16,127600
2017-01-17,12.18,12.22,12.14,12.18,13400
2017-01-18,12.2,12.22,12.2,12.22,45400
2017-01-19,11.98,12,11.94,11.94,69200
2017-01-20,12,12,11.94,11.94,33800
2017-01-23,12.16,12.16,12.12,12.14,71600
2017-01-24,12.12,12.12,12.1,12.12,21000
2017-01-25,12.12,12.12,12.1,12.1,3400
2017-01-26,12.12,12.12,12.12,12.12
2017-01-27,12.28,12.3,12.28,12.3,83600
2017-02-01,12.08,12.08,12.04,12.06,45000
2017-02-02,12.22,12.24,12.22,12.24,17400
2017-02-03,12.3,12.34,12.26,12.32,71400
2017-02-06,12.3,12.34,12.3,12.34,5400
2017-02-07,12.18,12.18,12.1,12.1,103400
2017-02-08,11.82,11.88,11.76,11.84,136600
2017-02-09,11.96,12.04,11.96,12.04,47800
2017-02-10,12.1,12.1,12.1,12.1,47200
2017-02-13,12.24,12.3,12.24,12.3,118800
2017-02-14,12.16,12.16,12.06,12.06,139600
2017-02-15,12.08,12.1,12.06,12.08,6400
2017-02-16,12.08,12.12,12.08,12.12,2400
2017-02-17,12.16,12.16,12.14,12.14,44600
2017-02-20,12.18,12.18,12.16,12.18,15600
2017-02-21,12.22,12.22,12.18,12.22,17200
2017-02-22,12.34,12.34,12.28,12.3,52400
2017-02-23,12.24,12.24,12.2,12.22,20000
2017-02-24,12.26,12.3,12.26,12.3,51000
2017-02-27,12.26,12.3,12.22,12.3,18400
2017-02-28,12.22,12.24,12.22,12.22,5200
2017-03-01,12.22,12.24,12.18,12.18,12600
2017-03-02,12.14,12.14,12.1,12.12,5400
2017-03-03,11.96,12,11.9,11.94,73400
2017-03-06,11.98,12,11.94,11.94,17000
2017-03-07,12,12,12,12,5200
2017-03-08,11.96,11.96,11.94,11.96,13600
2017-03-09,11.94,11.94,11.42,11.46,225000
2017-03-10,11.26,11.28,11.18,11.2,159000
2017-03-13,11.1,11.1,10.88,10.94,179800
2017-03-14,10.96,11,10.94,10.96,136600
2017-03-15,10.98,11.02,10.96,11.02,108400
2017-03-16,11.14,11.24,11.12,11.22,443400
2017-03-17,11.18,11.18,11.04,11.06,51000
2017-03-20,11.06,11.06,10.96,10.98,455600
2017-03-21,11.04,11.04,11,11.02,51800
2017-03-22,10.9,10.9,10.74,10.78,230400
2017-03-23,10.84,10.88,10.8,10.84,69000
2017-03-24,10.8,10.8,10.7,10.72,141600
2017-03-27,10.74,10.8,10.62,10.64,263200
2017-03-28,10.7,10.78,10.7,10.76,114800
2017-03-29,10.8,10.92,10.8,10.9,79000
2017-03-30,11.06,11.1,11.04,11.08,114800
2017-03-31,11.2,11.26,11.18,11.26,168800
2017-04-03,11.3,11.34,11.28,11.32,138200
2017-04-05,11.42,11.48,11.42,11.48,222600
2017-04-06,11.36,11.4,11.36,11.4,35000
2017-04-07,11.66,11.8,11.62,11.74,157600
2017-04-10,11.68,11.72,11.68,11.72,123400
2017-04-11,11.72,11.88,11.72,11.84,43400
2017-04-12,11.94,11.98,11.92,11.98,88200
2017-04-13,11.82,11.86,11.82,11.86,14600
2017-04-18,11.74,11.78,11.72,11.74,31400
2017-04-19,11.66,11.68,11.64,11.68,84200
2017-04-20,11.3,11.36,11.24,11.32,47400
2017-04-21,11.26,11.26,11.22,11.22,34400
2017-04-24,11.06,11.08,11,11.08,101200
2017-04-25,11.02,11.02,10.92,10.92,122000
2017-04-26,10.98,11,10.94,10.94,63000
2017-04-27,10.96,10.96,10.92,10.92,31000
2017-04-28,10.92,10.98,10.92,10.94,101600
2017-05-02,10.82,10.82,10.78,10.82,89200
2017-05-04,10.82,10.82,10.5,10.52,510000
2017-05-05,10.4,10.4,9.8,10.02,1504000
2017-05-08,10.3,10.42,10.24,10.24,478800
2017-05-09,10.34,10.36,10.28,10.34,132600
2017-05-10,10.34,10.34,10.2,10.26,170800
2017-05-11,10.5,10.64,10.5,10.64,146600
2017-05-12,10.62,10.64,10.6,10.6,76000
2017-05-15,10.68,10.86,10.68,10.82,132000
2017-05-16,11,11,10.8,10.84,707400
2017-05-17,10.68,10.78,10.64,10.68,45800
2017-05-18,10.8,10.82,10.78,10.8,140600
2017-05-19,10.9,10.98,10.9,10.98,218000
2017-05-22,11.12,11.22,11.12,11.22,282400
2017-05-23,11.18,11.2,11.08,11.1,131000
2017-05-24,11.28,11.32,11.28,11.32,145600
2017-05-25,11.3,11.36,11.3,11.34,74200
2017-05-26,10.72,10.8,10.6,10.8,331600
2017-05-29,10.9,10.9,10.86,10.9,52000
2017-05-31,10.8,10.8,10.74,10.76,51600
2017-06-01,10.7,10.72,10.66,10.72,121400
2017-06-02,10.56,10.56,10.38,10.4,436000
2017-06-05,10.5,10.62,10.5,10.52,336600
2017-06-06,10.34,10.44,10.32,10.36,269400
2017-06-07,10.5,10.54,10.5,10.52,199800
2017-06-08,10.3,10.3,10.04,10.12,1384800
2017-06-09,10.04,10.06,9.97,9.98,550600
2017-06-12,10.14,10.14,10.02,10.08,487300
2017-06-13,10.12,10.18,10.12,10.14,115000
2017-06-14,10.1,10.1,10.06,10.08,18600
2017-06-15,9.94,9.94,9.76,9.77,670600
2017-06-16,9.77,9.84,9.76,9.83,103600
2017-06-19,9.8,9.81,9.78,9.79,50600
2017-06-20,9.77,9.77,9.71,9.74,91000
2017-06-21,9.6,9.6,9.44,9.47,510800
2017-06-22,9.35,9.35,9.25,9.28,408216
2017-06-23,9.37,9.4,9.35,9.35,150400
2017-06-26,9.47,9.55,9.47,9.53,233600
2017-06-27,9.5,9.56,9.49,9.56,60200
2017-06-28,9.63,9.67,9.57,9.59,252000
2017-06-29,9.69,9.9,9.69,9.88,274800
2017-06-30,9.86,9.9,9.86,9.89,133400
2017-07-03,10.08,10.12,10.06,10.08,496200
2017-07-04,10.2,10.24,10.18,10.22,471400
2017-07-05,10.26,10.26,10.22,10.26,445600
2017-07-06,10.16,10.16,9.85,9.91,815200
2017-07-07,9.77,9.82,9.75,9.75,179800
2017-07-10,9.64,9.73,9.62,9.63,125400
2017-07-11,9.65,10.28,9.65,9.69,122000
2017-07-12,9.94,10,9.94,10,246200
2017-07-13,9.88,9.89,9.85,9.86,36000
2017-07-14,10,10.02,9.99,10,57200
2017-07-17,10.14,10.18,10.12,10.18,411216
2017-07-18,10.02,10.04,10,10,226400
2017-07-19,10.06,10.08,10.06,10.08,43600
2017-07-20,10.22,10.24,10.22,10.22,196400
2017-07-21,10.16,10.18,10.14,10.18,37800
2017-07-24,9.9,9.93,9.85,9.88,146000
2017-07-25,10.1,10.1,10.08,10.08,103000
2017-07-26,10.3,10.5,10.3,10.48,692200
2017-07-27,10.5,10.56,10.5,10.5,252000
2017-07-28,10.56,10.6,10.56,10.6,351200
2017-07-31,10.74,10.78,10.74,10.78,167000
2017-08-01,10.8,10.88,10.8,10.86,308600
2017-08-02,10.58,10.58,10.52,10.52,46400
2017-08-03,10.68,10.68,10.64,10.64,27600
2017-08-04,10.54,10.56,10.52,10.52,67600
2017-08-07,10.68,10.7,10.64,10.64,143600
2017-08-08,10.62,10.72,10.62,10.72,168800
2017-08-09,10.6,10.6,10.56,10.6,66200
2017-08-10,10.68,10.74,10.68,10.74,41400
2017-08-11,10.48,10.5,10.38,10.4,97200
2017-08-14,10.5,10.54,10.5,10.5,45400
2017-08-15,10.32,10.32,10.24,10.24,45800
2017-08-16,10.28,10.34,10.28,10.34,13000
2017-08-17,10.14,10.26,10.1,10.12,110200
2017-08-18,10.18,10.22,10.16,10.22,146400
2017-08-21,10.46,10.48,10.44,10.44,72400
2017-08-22,10.28,10.3,10.26,10.3,13800
2017-08-24,10.38,10.4,10.38,10.4,19800
2017-08-25,10.28,10.3,10.28,10.28,42200
2017-08-28,10.28,10.28,10.2,10.2,199800
2017-08-29,10.1,10.1,10.06,10.08,198400
2017-08-30,10.02,10.02,9.98,9.98,162000
2017-08-31,9.92,10,9.9,9.9,131600
2017-09-01,10.14,10.14,10.1,10.1,51200
2017-09-04,10.2,10.22,10.18,10.18,139800
2017-09-05,10.22,10.24,10.2,10.24,37400
2017-09-06,10.38,10.5,10.38,10.5,160800
2017-09-07,10.56,10.62,10.54,10.62,349400
2017-09-08,10.6,10.6,10.54,10.54,34200
2017-09-11,10.32,10.32,10.28,10.28,62400
2017-09-12,10.28,10.36,10.28,10.36,168400
2017-09-13,10.38,10.38,10.38,10.38,121800
2017-09-14,10.4,10.6,10.4,10.58,195200
2017-09-15,10.7,10.7,10.64,10.64,128600
2017-09-18,10.72,10.8,10.72,10.8,96600
2017-09-19,10.72,10.8,10.7,10.78,166000
2017-09-20,10.7,10.72,10.68,10.72,52200
2017-09-21,10.78,10.82,10.76,10.76,82400
2017-09-22,10.78,10.78,10.76,10.78,55600
2017-09-25,10.76,10.76,10.72,10.74,110000
2017-09-26,10.96,11.14,10.96,11.06,299000
2017-09-27,11.1,11.14,11.08,11.1,107800
2017-09-28,11.1,11.1,11.04,11.06,147800
2017-09-29,10.96,10.98,10.92,10.96,125400
2017-10-03,10.74,10.78,10.72,10.78,18400
2017-10-04,10.66,10.7,10.66,10.7,26000
2017-10-06,10.8,10.82,10.76,10.76,13400
2017-10-09,10.54,10.56,10.52,10.56,29600
2017-10-10,10.54,10.6,10.54,10.6,65000
2017-10-11,10.84,10.88,10.84,10.88,22000
2017-10-12,10.84,10.88,10.82,10.84,16000
2017-10-13,10.82,10.92,10.82,10.88,29600
2017-10-16,11,11.08,11,11.06,36800
2017-10-17,10.98,11.04,10.96,11.04,27000
2017-10-18,11.04,11.08,11.04,11.06,24400
2017-10-19,11.06,11.06,10.96,10.98,54200
2017-10-20,10.88,10.92,10.88,10.92,4800
2017-10-23,11,11.02,10.9,11.02,12200
2017-10-24,10.98,11,10.96,10.96,7000
2017-10-25,11.06,11.08,11.06,11.06,9000
2017-10-26,11.02,11.02,11,11,2000
2017-10-27,11.12,11.12,11.1,11.12,53800
2017-10-30,11.22,11.42,11.22,11.42,223800
2017-10-31,11.4,11.42,11.4,11.42,12000
2017-11-01,11.44,11.6,11.44,11.6,181400
2017-11-02,11.6,11.6,11.44,11.46,5000
2017-11-03,11.6,11.6,11.54,11.54,25000
2017-11-06,11.78,11.88,11.74,11.88,109200
2017-11-07,12.02,12.12,12.02,12.08,91600
2017-11-08,12.08,12.08,11.98,12,460000
2017-11-09,12,12.02,11.98,11.98,663000
2017-11-10,12,12.06,12,12.04,35800
2017-11-13,11.98,11.98,11.96,11.96,10600
2017-11-14,11.92,11.92,11.92,11.92,1130200
2017-11-15,11.66,11.66,11.58,11.6,26000
2017-11-16,11.68,11.7,11.64,11.7,25000
2017-11-17,11.68,11.68,11.62,11.64,1000
2017-11-20,11.9,11.94,11.88,11.88,20000
2017-11-21,11.84,11.9,11.82,11.9,533800
2017-11-22,12,12.2,12,12.18,32600
2017-11-23,12.18,12.18,12.14,12.14,23000
2017-11-24,12.24,12.3,12.24,12.28,23800
2017-11-27,12.28,12.32,12.26,12.28,114200
2017-11-28,12.12,12.14,12.1,12.14,17200
2017-11-29,12.1,12.12,12.1,12.12,61000
2017-11-30,12.02,12.08,12.02,12.08,15800
2017-12-01,12.1,12.1,12.1,12.1,2200
2017-12-04,12.2,12.2,12.14,12.16,5600
2017-12-05,12.04,12.06,12.04,12.04,1000
2017-12-06,12.06,12.06,12.02,12.04,8200
2017-12-07,11.9,11.9,11.74,11.74,32800
2017-12-08,11.86,11.9,11.86,11.88,305000
2017-12-11,12,12.02,12,12.02,16200
2017-12-12,12.18,12.24,12.18,12.24,17000
2017-12-13,12.08,12.08,12.08,12.08,2400
2017-12-14,11.92,11.92,11.88,11.9,37000
2017-12-15,12.04,12.04,11.98,12.04,12400
2017-12-18,12.04,12.08,12.02,12.08,109800
2017-12-19,12.06,12.06,12.06,12.06
2017-12-20,12.1,12.1,12.08,12.1,30400
2017-12-21,12.14,12.18,12.14,12.18,13400
2017-12-22,12.2,12.2,12.18,12.2,7400
2017-12-27,12.48,12.54,12.48,12.54,44000
2017-12-28,12.52,12.56,12.5,12.54,25200
2017-12-29,12.58,12.66,12.58,12.6,22000
2018-01-02,12.7,12.7,12.7,12.7,11600
2018-01-03,12.68,12.68,12.64,12.64,15800
2018-01-04,12.94,13.04,12.94,13.04,46800
2018-01-05,13.02,13.02,12.96,12.96,13600
2018-01-08,12.86,12.94,12.86,12.92,9800
2018-01-09,13,13.04,13,13.02,28400
2018-01-10,13.32,13.32,13.28,13.3,41600
2018-01-11,13.28,13.3,13.26,13.28,25400
2018-01-12,13.3,13.36,13.28,13.28,149000
2018-01-15,13.8,13.8,13.48,13.48,55600
2018-01-16,13.52,13.52,13.48,13.48,50000
2018-01-17,13.4,13.4,13.3,13.34,9800
2018-01-18,13.42,13.46,13.42,13.42,65200
2018-01-19,13.26,13.26,13.2,13.22,75800
2018-01-22,13.26,13.3,13.26,13.3,48400
2018-01-23,13.36,13.4,13.36,13.4,3800
2018-01-24,13.5,13.54,13.46,13.52,49800
2018-01-25,13.82,13.9,13.82,13.88,116200
2018-01-26,13.74,13.78,13.68,13.76,73600
2018-01-29,13.88,13.94,13.88,13.92,22600
2018-01-30,13.68,13.68,13.58,13.6,79800
2018-01-31,13.42,13.44,13.38,13.44,19600
2018-02-01,13.58,13.58,13.56,13.56,11600
2018-02-02,13.84,13.88,13.84,13.88,62200
2018-02-05,13.58,13.62,13.56,13.6,77000
2018-02-06,13.04,13.44,13,13.34,473600
2018-02-07,13.38,13.46,13.36,13.38,366800
2018-02-08,12.9,12.94,12.86,12.92,235200
2018-02-09,12.72,12.72,12.66,12.68,303800
2018-02-12,12.5,12.58,12.5,12.56,105800
2018-02-13,12.5,12.52,12.44,12.52,54000
2018-02-14,12.44,12.44,12.4,12.4,95000
2018-02-15,12.8,12.88,12.8,12.88,10600
2018-02-20,13.08,13.12,13.08,13.08,121800
2018-02-21,12.9,12.9,12.84,12.84,13400
2018-02-22,12.8,12.86,12.8,12.82,59800
2018-02-23,13.18,13.22,13.18,13.22,26200
2018-02-26,13.36,13.44,13.36,13.4,14000
2018-02-27,13.44,13.44,13.4,13.42,18600
2018-02-28,13.18,13.18,13.18,13.18,600
2018-03-01,13,13,12.94,12.98,8200
2018-03-02,12.9,12.9,12.8,12.8,41800
2018-03-05,12.92,12.92,12.92,12.92,5000
2018-03-06,13.02,13.18,13.02,13.18,33200
2018-03-07,13.04,13.08,13.04,13.06,15800
2018-03-08,12.94,12.94,12.88,12.88,12000
2018-03-09,12.76,12.76,12.68,12.7,43000
2018-03-12,13.06,13.06,13.04,13.04,15800
2018-03-13,12.86,12.9,12.86,12.88,1600
2018-03-14,12.76,12.8,12.76,12.76,800
2018-03-15,12.88,12.88,12.84,12.88,5000
2018-03-16,12.9,12.9,12.9,12.9,7200
2018-03-19,13.04,13.08,13.04,13.08,10600
2018-03-20,13.18,13.18,13.12,13.18,31000
2018-03-21,13.4,13.4,13.36,13.38,85000
2018-03-22,13.72,13.72,13.7,13.7,23200
2018-03-23,13.66,13.68,13.64,13.68,80200
2018-03-26,13.88,13.92,13.76,13.76,81000
2018-03-27,13.84,13.88,13.8,13.82,115200
2018-03-28,13.66,13.68,13.58,13.58,142600
2018-03-29,13.62,13.62,13.6,13.6,15600
2018-04-03,13.32,13.32,13.24,13.28,266200
2018-04-04,13.34,13.34,13.26,13.3,151600
2018-04-06,13.3,13.3,13.26,13.28,123800
2018-04-09,13.12,13.12,13.04,13.1,175200
2018-04-10,13.34,13.48,13.34,13.48,101600
2018-04-11,13.74,13.76,13.68,13.7,97000
2018-04-12,14.04,14.12,13.98,14.02,23400
2018-04-13,14.02,14.08,14.02,14.08,618800
2018-04-16,14.06,14.06,13.96,13.96,459400
2018-04-17,9.1,14,9.1,13.96,18000
2018-04-18,14.06,14.12,14,14.08,39600
2018-04-19,14.42,14.54,14.4,14.52,71800
2018-04-20,14.32,14.38,14.28,14.32,46200
2018-04-23,14.28,14.36,14.28,14.32,12200
2018-04-24,14.42,14.54,14.42,14.54,17600
2018-04-25,14.48,14.48,14.18,14.22,375200
2018-04-26,14.34,14.38,14.3,14.32,130800
2018-04-27,14.3,14.3,14.26,14.26,36000
2018-04-30,14.24,14.26,14.16,14.16,99600
2018-05-02,14.18,14.24,14.16,14.24,28800
2018-05-03,14.24,14.28,14.24,14.28,4800
2018-05-04,14.38,14.38,14.34,14.34,31000
2018-05-07,14.34,14.8,14.34,14.74,190800
2018-05-08,14.72,14.74,14.68,14.68,33400
2018-05-09,14.8,14.92,14.8,14.86,35400
2018-05-10,15.02,15.06,15.02,15.02,12800
2018-05-11,14.96,15,14.94,14.96,21200
2018-05-14,14.84,14.84,14.78,14.78,74600
2018-05-15,14.9,14.94,14.9,14.9,14400
2018-05-16,14.92,14.92,14.92,14.92,1400
2018-05-17,15.04,15.1,15.04,15.1,10000
2018-05-18,15.08,15.08,15.04,15.08,8000
2018-05-21,15.1,15.1,15.06,15.06,21200
2018-05-23,15.1,15.14,15.06,15.06,296600
2018-05-24,15.06,15.06,15.04,15.06,1600
2018-05-25,14.82,14.82,14.76,14.76,41200
2018-05-28,13.94,14.04,13.82,14,202000
2018-05-29,14.04,14.06,14,14.02,26600
2018-05-30,13.98,14.04,13.94,14.04,9200
2018-05-31,14.26,14.3,14.26,14.3,57200
2018-06-01,14.02,14.08,14.02,14.06,8800
2018-06-04,13.8,13.84,13.8,13.82,31200
2018-06-05,13.78,13.78,13.64,13.7,40600
2018-06-06,13.8,13.84,13.8,13.8,35800
2018-06-07,13.6,13.64,13.6,13.64,70800
2018-06-08,12.5,13.86,12.5,13.78,55400
2018-06-11,13.76,13.76,13.76,13.76,3800
2018-06-12,13.9,13.96,13.88,13.96,34400
2018-06-13,13.9,13.9,13.82,13.84,15000
2018-06-14,13.98,13.98,13.94,13.98,21000
2018-06-15,14.06,14.06,14.02,14.02,8000
2018-06-19,13.74,13.82,13.7,13.7,16200
2018-06-20,13.64,13.74,13.64,13.72,18000
2018-06-21,13.74,13.8,13.7,13.7,8800
2018-06-22,13.92,13.96,13.92,13.92,27400
2018-06-25,14.38,14.42,14.34,14.42,65400
2018-06-26,14.32,14.34,14.32,14.34,8800
2018-06-27,14.84,14.9,14.84,14.86,36000
2018-06-28,14.9,15.26,14.9,15.26,68600
2018-06-29,15.38,15.38,15.34,15.34,27200
2018-07-03,15.32,15.68,15.32,15.68,36000
2018-07-04,15.66,15.66,15.5,15.5,19400
2018-07-05,15.5,15.6,15.48,15.56,86600
2018-07-06,15.26,15.36,15.26,15.36,93800
2018-07-09,15.52,15.56,15.48,15.48,60000
2018-07-10,15.54,15.64,15.52,15.56,92200
2018-07-11,15.4,15.5,15.38,15.46,12200
2018-07-12,15.48,15.48,14.8,14.88,116800
2018-07-13,14.8,14.86,14.78,14.78,17200
2018-07-16,14.92,14.92,14.84,14.84,17200
2018-07-17,14.38,14.38,14.3,14.38,41200
2018-07-18,14.3,14.3,14.28,14.28,19800
2018-07-19,14.5,14.5,14.4,14.4,65400
2018-07-20,14.56,14.66,14.54,14.66,33200
2018-07-23,14.58,14.58,14.56,14.58,9000
2018-07-24,14.5,14.54,14.48,14.52,9400
2018-07-25,14.7,14.72,14.7,14.7,13400
2018-07-26,14.86,14.86,14.84,14.86,6400
2018-07-27,14.9,14.92,14.88,14.88,18000
2018-07-30,14.78,14.82,14.76,14.82,8600
2018-07-31,14.98,15,14.92,14.92,14800
2018-08-01,14.64,14.66,14.6,14.6,15600
2018-08-02,14.6,14.6,14.46,14.46,39600
2018-08-03,14.72,14.82,14.72,14.72,16800
2018-08-06,14.66,14.74,14.66,14.72,17600
2018-08-07,14.72,14.82,14.72,14.82,47000
2018-08-08,14.82,14.82,14.82,14.82,7600
2018-08-09,14.38,14.38,14.26,14.26,143000
2018-08-10,14.3,14.3,14.14,14.16,17000
2018-08-13,14.46,14.48,14.44,14.44,64200
2018-08-14,14.46,14.5,14.42,14.5,29400
2018-08-15,14.26,14.26,14.24,14.26,14200
2018-08-16,13.9,13.94,13.88,13.92,12400
2018-08-17,14,14.02,14,14.02,13400
2018-08-20,14.12,14.12,14.12,14.12,200
2018-08-21,14.12,14.16,14.12,14.12,14600
2018-08-22,14.3,14.3,14.26,14.3,23800
2018-08-23,14.64,14.66,14.62,14.62,21000
2018-08-24,14.68,14.8,14.68,14.8,16800
2018-08-27,14.8,14.8,14.78,14.78,2200
2018-08-28,14.9,14.9,14.88,14.88,21000
2018-08-29,14.8,14.8,14.8,14.8
2018-08-30,15.28,15.28,15,15.1,32800
2018-08-31,15.14,15.18,15.14,15.16,16800
2018-09-03,15.06,15.06,15.02,15.06,9800
2018-09-04,15.1,15.26,15.1,15.26,29400
2018-09-05,14.9,15,14.9,14.9,18800
2018-09-06,14.82,14.82,14.82,14.82,10000
2018-09-07,14.64,14.68,14.62,14.68,9200
2018-09-10,14.72,14.78,14.72,14.74,13200
2018-09-11,14.62,14.62,14.62,14.62,1000
2018-09-12,15.04,15.08,15.04,15.08,42800
2018-09-13,15.1,15.1,15.08,15.08,6200
2018-09-14,14.9,14.9,14.9,14.9,5400
2018-09-17,14.94,14.94,14.9,14.94,9000
2018-09-18,14.82,14.86,14.82,14.82,14800
2018-09-19,15.06,15.1,15.06,15.1,23400
2018-09-20,15.44,15.44,15.38,15.4,39800
2018-09-21,15.18,15.2,15.16,15.2,248800
2018-09-24,15.44,15.56,15.44,15.54,52200
2018-09-26,15.64,15.66,15.62,15.66,92000
2018-09-27,15.64,15.72,15.64,15.68,8600
2018-09-28,15.68,15.68,15.64,15.64,7600
2018-10-02,16.36,16.42,16.34,16.38,66400
2018-10-03,16.26,16.32,16.26,16.3,110800
2018-10-04,16.44,16.54,16.44,16.54,7800
2018-10-05,16.16,16.22,16.16,16.18,24600
2018-10-08,15.92,15.96,15.9,15.9,8400
2018-10-09,16.1,16.2,16.06,16.2,25000
2018-10-10,16.18,16.18,16.18,16.18
2018-10-11,15.62,15.68,15.54,15.64,136200
2018-10-12,15.42,15.52,15.4,15.52,43800
2018-10-15,15.62,15.62,15.46,15.46,23000
2018-10-16,15.56,15.6,15.44,15.44,23000
2018-10-18,15.12,15.12,15.08,15.12,6400
2018-10-19,14.98,14.98,14.94,14.94,15600
2018-10-22,15.1,15.14,15.1,15.14,12000
2018-10-23,15,15,14.98,14.98,2400
2018-10-24,14.36,14.46,14.36,14.42,226800
2018-10-25,14.32,14.42,14.32,14.42,24000
2018-10-26,14.5,14.5,14.46,14.46,23000
2018-10-29,14.66,14.7,14.62,14.62,19200
2018-10-30,14.54,14.54,14.54,14.54
2018-10-31,14.38,14.5,14.38,14.48,17400
2018-11-01,14.1,14.14,14.08,14.1,33600
2018-11-02,13.74,13.86,13.7,13.78,50400
2018-11-05,13.64,13.68,13.56,13.68,534200
2018-11-06,13.68,13.68,13.64,13.66,55800
2018-11-07,13.7,13.7,13.42,13.5,440000
2018-11-08,13.44,13.5,13.42,13.5,372800
2018-11-09,13.48,13.48,13.14,13.16,283200
2018-11-12,13.16,13.34,13.16,13.34,215000
2018-11-13,13.02,13.02,12.82,12.92,268800
2018-11-14,12.5,12.5,12.02,12.14,401000
2018-11-15,12.22,12.26,12.14,12.24,125000
2018-11-16,12.32,12.44,12.32,12.44,139200
2018-11-19,12.48,12.48,12.38,12.44,31000
2018-11-20,12.4,12.4,12.3,12.34,114000
2018-11-21,11.82,11.82,11.7,11.82,343600
2018-11-22,11.82,11.82,11.8,11.8,9200
2018-11-23,11.74,11.74,11.5,11.58,227000
2018-11-26,11.2,11.2,10.96,11.1,464000
2018-11-27,11.1,11.2,11.08,11.16,61600
2018-11-28,11.22,11.44,11.22,11.38,228600
2018-11-29,11.14,11.44,10.96,11.02,254800
2018-11-30,11.2,11.26,11.18,11.22,83200
2018-12-03,11.48,11.7,11.46,11.68,439000
2018-12-04,11.64,11.68,11.62,11.66,134000
2018-12-05,11.68,11.68,11.34,11.42,90600
2018-12-06,11.42,11.58,11.34,11.5,112600
2018-12-07,11.14,11.16,11.08,11.12,181400
2018-12-10,11.4,11.46,11.36,11.4,52600
2018-12-11,11.14,11.14,11.06,11.08,86200
2018-12-12,11.3,11.32,11.28,11.3,125400
2018-12-13,11.16,11.18,11.08,11.14,54800
2018-12-14,11.38,11.4,11.28,11.28,117000
2018-12-17,11.18,11.18,11.12,11.12,183400
2018-12-18,11,11,10.6,10.62,481600
2018-12-19,10.12,10.24,10.04,10.12,1208800
2018-12-20,10.34,10.34,10.18,10.24,154000
2018-12-21,10.04,10.14,9.99,10.04,208200
2018-12-24,9.9,9.97,9.85,9.96,67400
2018-12-27,9.94,10.04,9.89,9.91,101400
2018-12-28,9.96,9.96,9.86,9.92,48200
2018-12-31,9.91,9.91,9.82,9.89,74600
2019-01-02,9.94,9.94,9.68,9.71,142600
2019-01-03,9.97,9.97,9.82,9.84,220000
2019-01-04,10.18,10.36,10.1,10.36,156800
2019-01-07,10.5,10.6,10.48,10.6,90800
2019-01-08,10.56,10.56,10.46,10.48,42200
2019-01-09,10.82,10.92,10.82,10.92,127000
2019-01-10,11,11.24,11,11.14,152200
2019-01-11,11.24,11.38,11.22,11.38,687000
2019-01-14,11.12,11.12,10.94,10.96,63200
2019-01-15,10.98,11.04,10.98,11.02,29200
2019-01-16,11.12,11.26,11.12,11.22,120400
2019-01-17,11.14,11.18,11.14,11.18,17000
2019-01-18,11.28,11.34,11.28,11.3,66200
2019-01-21,11.46,11.64,11.46,11.56,106000
2019-01-22,11.56,11.56,11.42,11.46,75000
2019-01-23,11.38,11.38,11.36,11.38,49800
2019-01-24,11.26,11.26,11.16,11.22,14400
2019-01-25,11.44,11.54,11.44,11.52,87400
2019-01-28,11.5,11.5,11.36,11.36,12400
2019-01-29,11.2,11.22,11.16,11.16,28600
2019-01-30,11.2,11.44,11.16,11.44,105000
2019-01-31,11.62,11.72,11.62,11.66,65800
2019-02-01,11.54,11.54,11.48,11.48,14600
2019-02-04,11.74,11.84,11.74,11.8,102800
2019-02-08,11.68,11.7,11.12,11.14,110600
2019-02-11,11.16,11.18,11.12,11.16,117600
2019-02-12,11.16,11.3,11.16,11.26,68000
2019-02-13,11.48,11.52,11.48,11.5,109800
2019-02-14,11.64,11.68,11.6,11.68,213600
2019-02-15,11.7,11.7,11.6,11.6,245200
2019-02-18,11.8,12,11.8,12,82800
2019-02-19,11.86,11.94,11.86,11.94,34200
2019-02-20,11.92,12,11.92,12,62400
2019-02-21,12.06,12.2,12.06,12.18,59800
2019-02-22,12.04,12.14,12.04,12.14,97400
2019-02-25,12.06,12.16,12.06,12.14,48800
2019-02-26,11.72,11.74,11.66,11.72,138400
2019-02-27,11.94,11.94,11.84,11.84,30400
2019-02-28,11.96,12.12,11.96,12.02,28400
2019-03-01,12.2,12.2,12.16,12.2,52000
2019-03-04,12,12,11.88,11.88,77400
2019-03-05,11.94,11.94,11.94,11.94,2000
2019-03-06,11.88,11.92,11.88,11.9,12600
2019-03-07,11.9,11.94,11.9,11.94,2800
2019-03-08,11.94,11.94,11.94,11.94,12200
2019-03-11,11.94,12,11.94,11.98,22000
2019-03-12,12.08,12.1,12.06,12.08,33000
2019-03-13,12.1,12.14,12.1,12.14,11000
2019-03-14,12.3,12.4,12.3,12.4,41600
2019-03-15,12.38,12.46,12.38,12.42,291600
2019-03-18,12.32,12.36,12.32,12.36,25800
2019-03-19,12.5,12.52,12.48,12.5,41200
2019-03-20,12.5,12.5,12.46,12.5,10600
2019-03-21,12.6,12.7,12.6,12.64,159000
2019-03-22,12.62,12.62,12.6,12.62,2000
2019-03-25,12.3,12.36,12.26,12.36,328600
2019-03-26,12.48,12.5,12.48,12.5,6000
2019-03-27,12.64,12.66,12.6,12.64,50200
2019-03-28,12.44,12.48,12.42,12.44,101000
2019-03-29,12.52,12.56,12.52,12.52,42600
2019-04-01,12.7,12.76,12.7,12.76,35600
2019-04-02,13,13.04,12.98,13,710400
2019-04-03,13.12,13.24,13.12,13.2,323600
2019-04-04,13.1,13.14,13.1,13.1,74000
2019-04-08,13.2,13.4,13.2,13.36,23400
2019-04-09,13.56,13.58,13.52,13.56,231000
2019-04-10,13.44,13.48,13.44,13.48,14400
2019-04-11,13.54,13.56,13.48,13.48,31800
2019-04-12,13.44,13.44,13.44,13.44,42400
2019-04-15,13.36,13.38,13.36,13.38,9400
2019-04-16,13.36,13.36,13.32,13.34,42000
2019-04-17,13.58,13.62,13.56,13.58,23600
2019-04-18,13.38,13.38,13.38,13.38
2019-04-23,13.82,13.9,13.82,13.84,357600
2019-04-24,13.86,13.86,13.84,13.84,27400
2019-04-25,13.8,13.88,13.78,13.88,50000
2019-04-26,13.66,13.66,13.62,13.64,47000
2019-04-29,13.22,13.24,13.22,13.24,45400
2019-04-30,13.34,13.4,13.32,13.4,151000
2019-05-02,13.36,13.36,13.3,13.3,22200
2019-05-03,13,13,12.94,12.94,92400
2019-05-06,12.68,12.74,12.64,12.74,40000
2019-05-07,13.12,13.14,13.06,13.06,101200
2019-05-08,13.04,13.04,13,13,19000
2019-05-09,12.98,12.98,12.92,12.92,118000
2019-05-10,13.06,13.06,12.98,13.06,4400
2019-05-14,12.88,12.88,12.84,12.86,10800
2019-05-15,12.98,12.98,12.88,12.88,62200
2019-05-16,13.12,13.16,13.12,13.14,37400
2019-05-17,13.3,13.3,13.22,13.28,70600
2019-05-20,13.38,13.38,13.36,13.36,18000
2019-05-21,13.34,13.36,13.32,13.34,13200
2019-05-22,13.12,13.12,13.1,13.1,13600
2019-05-23,12.78,12.78,12.78,12.78,1000
2019-05-24,12.26,12.34,12.22,12.28,94800
2019-05-27,12.32,12.32,12.24,12.24,21600
2019-05-28,12.38,12.46,12.36,12.38,47400
2019-05-29,12.28,12.28,12.24,12.24,9000
2019-05-30,12.42,12.48,12.38,12.48,26800
2019-05-31,11.88,11.92,11.72,11.74,118000
2019-06-03,11.5,11.5,11.04,11.1,119000
2019-06-04,11.2,11.2,11.16,11.2,50800
2019-06-05,11.22,11.22,11.14,11.14,116400
2019-06-06,11.14,11.14,10.86,10.88,71200
2019-06-10,11.38,11.44,11.38,11.42,78600
2019-06-11,11.2,11.3,11.2,11.28,42000
2019-06-12,11.04,11.04,10.94,10.98,123200
2019-06-13,10.8,11.14,10.72,11.02,130400
2019-06-14,11.08,11.1,10.96,10.96,251400
2019-06-17,10.92,11.08,10.92,11,224600
2019-06-18,10.9,10.9,10.88,10.88,15800
2019-06-19,11.34,11.36,11.3,11.34,307600
2019-06-20,11.42,11.62,11.38,11.56,66000
2019-06-21,12,12.02,11.86,12,98000
2019-06-24,12.1,12.16,12.06,12.1,143800
2019-06-25,11.98,12.08,11.94,12.06,45600
2019-06-26,12.26,12.32,12.26,12.28,43200
2019-06-27,12.34,12.36,12.34,12.36,20000
2019-06-28,12.38,12.38,12.38,12.38,8000
2019-07-02,12.28,12.38,12.26,12.34,24800
2019-07-03,11.78,11.8,11.76,11.78,22800
2019-07-04,11.92,11.92,11.78,11.82,10400
2019-07-05,11.84,11.86,11.82,11.82,12400
2019-07-08,12.02,12.06,12.02,12.06,17600
2019-07-09,12,12,12,12,400
2019-07-10,12.26,12.32,12.26,12.32,13200
2019-07-11,12.66,12.7,12.62,12.68,42600
2019-07-12,12.62,12.68,12.62,12.64,49000
2019-07-15,12.52,12.56,12.5,12.56,22000
2019-07-16,12.4,12.42,12.36,12.4,140000
2019-07-17,12.04,12.06,12.04,12.06,101600
2019-07-18,11.88,11.9,11.82,11.86,13600
2019-07-19,11.72,11.8,11.68,11.7,147000
2019-07-22,11.72,11.82,11.7,11.82,29000
2019-07-23,11.74,11.8,11.72,11.76,110800
2019-07-24,11.9,11.9,11.86,11.88,22800
2019-07-25,11.72,11.76,11.66,11.76,19200
2019-07-26,11.68,11.74,11.68,11.72,12200
2019-07-29,11.7,11.7,11.7,11.7,5000
2019-07-30,11.92,11.94,11.92,11.94,78400
2019-07-31,12.16,12.2,12.16,12.2,33000
2019-08-01,12.04,12.08,12,12.04,20600
2019-08-02,11.42,11.48,11.4,11.44,83400
2019-08-05,11.48,11.5,11.46,11.46,8000
2019-08-06,11.46,11.54,11.46,11.5,86200
2019-08-07,11.2,11.2,11.14,11.16,82000
2019-08-08,11,11.12,10.98,11,137600
2019-08-09,10.98,11,10.96,11,125600
2019-08-12,11.3,11.36,11.3,11.36,55000
2019-08-13,11.46,11.46,11.4,11.4,24200
2019-08-14,11.7,11.82,11.7,11.74,31800
2019-08-15,11.6,11.6,11.42,11.52,221800
2019-08-16,11.52,11.54,11.5,11.52,31400
2019-08-19,11.6,11.62,11.58,11.62,49200
2019-08-20,11.7,11.78,11.7,11.74,16600
2019-08-21,11.64,11.78,11.64,11.78,22400
2019-08-22,11.64,11.66,11.62,11.66,8200
2019-08-23,11.54,11.56,11.54,11.56,37000
2019-08-26,11.18,11.34,11.14,11.34,36000
2019-08-27,11.28,11.3,11.26,11.28,7800
2019-08-28,11.58,11.64,11.58,11.64,14800
2019-08-29,11.58,11.64,11.58,11.64,29000
2019-08-30,11.78,11.82,11.74,11.74,89200
2019-09-02,11.5,11.52,11.5,11.5,3000
2019-09-03,11.46,11.48,11.38,11.38,1800
2019-09-04,11.36,11.38,11.36,11.36,6000
2019-09-05,11.7,11.78,11.68,11.68,19800
2019-09-06,11.74,11.76,11.74,11.74,62000
2019-09-09,11.9,11.94,11.9,11.92,28000
2019-09-10,12.14,12.2,12.1,12.1,50400
2019-09-11,12.08,12.08,12.02,12.04,49400
2019-09-12,11.76,11.76,11.66,11.66,39600
2019-09-13,11.48,11.5,11.44,11.5,42200
2019-09-16,12.2,12.66,12.2,12.36,335800
2019-09-17,12.8,13.02,12.8,12.96,273800
2019-09-18,12.26,12.38,12.22,12.26,80400
2019-09-19,12.18,12.18,12.12,12.14,93600
2019-09-20,12.3,12.3,12.28,12.3,18800
2019-09-23,12.3,12.3,12.2,12.2,98000
2019-09-24,12.18,12.22,12.16,12.16,69400
2019-09-25,11.86,11.88,11.84,11.84,67600
2019-09-26,11.84,11.84,11.78,11.78,106000
2019-09-27,11.82,11.82,11.74,11.76,54600
2019-09-30,11.72,11.74,11.64,11.64,36800
2019-10-02,11.36,11.36,11.26,11.26,265400
2019-10-03,11.08,11.08,11,11.02,193600
2019-10-04,11,11.04,10.96,11.04,86800
2019-10-08,11.1,11.14,11.04,11.04,199800
2019-10-09,10.98,11.02,10.94,11,44800
2019-10-10,10.96,10.98,10.96,10.98,105600
2019-10-11,11.14,11.42,11.14,11.4,46400
2019-10-14,11.4,11.4,11.28,11.28,170800
2019-10-15,11.2,11.2,11.12,11.12,51000
2019-10-16,11.1,11.12,11.04,11.06,109200
2019-10-17,11.1,11.12,11.08,11.1,40600
2019-10-18,11.3,11.3,11.24,11.28,50400
2019-10-21,11.24,11.26,11.22,11.26,189600
2019-10-22,11.22,11.22,11.16,11.16,4600
2019-10-23,11.28,11.3,11.26,11.3,15200
2019-10-24,11.56,11.62,11.56,11.62,77000
2019-10-25,11.62,11.68,11.62,11.68,19200
2019-10-28,11.78,11.8,11.76,11.78,134200
2019-10-29,11.6,11.62,11.56,11.56,118400
2019-10-30,11.56,11.56,11.5,11.54,47400
2019-10-31,11.5,11.52,11.46,11.52,49000
2019-11-01,11.34,11.34,11.32,11.32,24600
2019-11-04,11.64,11.7,11.64,11.68,76800
2019-11-05,11.8,11.82,11.74,11.82,65000
2019-11-06,11.84,11.88,11.84,11.86,29200
2019-11-07,11.84,11.84,11.84,11.84
2019-11-08,11.86,11.88,11.82,11.82,20600
2019-11-11,11.86,11.86,11.82,11.84,15200
2019-11-12,11.82,11.88,11.82,11.88,5000
2019-11-13,11.82,11.82,11.82,11.82
2019-11-14,11.96,12,11.94,11.98,41000
2019-11-15,11.92,11.92,11.92,11.92
2019-11-18,12.06,12.1,12.04,12.08,36400
2019-11-19,11.84,11.88,11.84,11.84,234000
2019-11-20,11.6,11.6,11.52,11.52,11400
2019-11-21,11.84,11.88,11.84,11.88,32000
2019-11-22,12.12,12.14,12.1,12.14,21600
2019-11-25,12.08,12.08,12.04,12.08,12200
2019-11-26,12.06,12.06,12.06,12.06,4000
2019-11-27,12.14,12.14,12.14,12.14,5000
2019-11-28,12.04,12.08,12.04,12.04,12600
2019-11-29,12.08,12.08,12.08,12.08,15400
2019-12-02,11.68,11.7,11.68,11.68,22600
2019-12-03,11.68,11.7,11.68,11.7,2000
2019-12-04,11.76,11.76,11.72,11.72,94000
2019-12-05,12.12,12.12,12.1,12.12,24600
2019-12-06,12.1,12.12,12.1,12.12,4000
2019-12-09,12.22,12.3,12.22,12.28,10600
2019-12-10,12.28,12.28,12.28,12.28,470000
2019-12-11,12.22,12.26,12.22,12.22,34400
2019-12-12,12.22,12.22,12.22,12.22,5000
2019-12-13,12.36,12.4,12.36,12.36,54200
2019-12-16,12.44,12.46,12.42,12.46,292400
2019-12-17,12.5,12.52,12.5,12.52,14200
2019-12-18,12.62,12.62,12.58,12.6,19400
2019-12-19,12.66,12.68,12.66,12.68,6200
2019-12-20,12.72,12.74,12.72,12.74,22000
2019-12-23,12.58,12.58,12.52,12.54,30200
2019-12-24,12.58,12.58,12.58,12.58,10000
2019-12-27,12.9,12.9,12.86,12.9,12800
2019-12-30,12.86,12.88,12.84,12.88,103000
2019-12-31,12.8,12.82,12.8,12.82,23200
2020-01-02,12.76,12.78,12.74,12.76,37600
2020-01-03,12.82,13.3,12.82,13.14,453800
2020-01-06,13.34,13.46,13.34,13.38,115400
2020-01-07,13.14,13.14,12.98,13.1,93600
2020-01-08,13.52,13.56,13.14,13.18,123600
2020-01-09,12.52,12.52,12.4,12.4,46600
2020-01-10,12.4,12.4,12.4,12.4,4000
2020-01-13,12.28,12.32,12.28,12.32,23200
2020-01-14,12.14,12.16,12.1,12.12,26600
2020-01-15,12.12,12.14,12.1,12.12,30000
2020-01-16,12.14,12.18,12.1,12.16,206400
2020-01-17,12.2,12.26,12.2,12.26,169200
2020-01-20,12.36,12.38,12.36,12.36,12000
2020-01-21,12.26,12.26,12.14,12.14,17000
2020-01-22,12.16,12.16,12.12,12.12,70600
2020-01-23,11.66,11.7,11.6,11.64,157400
2020-01-24,11.62,11.64,11.58,11.64,145000
2020-01-29,11.3,11.36,11.26,11.28,185800
2020-01-30,11.2,11.22,10.96,10.96,289200
2020-01-31,11.16,11.16,11.06,11.06,56600
2020-02-03,11.06,11.06,10.72,10.76,237400
2020-02-04,10.58,10.62,10.52,10.58,119200
2020-02-05,10.54,10.54,10.42,10.44,380000
2020-02-06,10.76,10.92,10.76,10.88,179200
2020-02-07,10.9,10.9,10.64,10.64,287800
2020-02-10,10.5,10.58,10.48,10.52,213800
2020-02-11,10.52,10.54,10.48,10.48,282600
2020-02-12,10.58,10.64,10.58,10.62,112200
2020-02-13,10.8,10.8,10.68,10.7,164000
2020-02-14,10.7,10.82,10.7,10.82,64400
2020-02-17,10.9,10.92,10.88,10.9,90600
2020-02-18,10.84,10.84,10.78,10.78,76400
2020-02-19,10.86,11.06,10.86,11.06,183400
2020-02-20,11.26,11.26,11.16,11.18,237400
2020-02-21,11.2,11.2,11.08,11.08,277400
2020-02-24,10.78,10.84,10.78,10.8,220600
2020-02-25,10.54,10.82,10.54,10.8,103800
2020-02-26,10.48,10.5,10.34,10.38,312000
2020-02-27,10.1,10.38,9.97,10.02,903000
2020-02-28,9.9,9.9,9.51,9.56,856401
2020-03-02,9.6,9.75,9.4,9.64,1289820
2020-03-03,9.95,10.1,9.85,9.89,771830
2020-03-04,9.91,9.96,9.85,9.85,53230
2020-03-05,9.89,9.89,9.78,9.8,124830
2020-03-06,9.8,9.8,9.4,9.42,455850
2020-03-09,8.5,8.5,6.3,6.45,27033650
2020-03-10,6.75,7.04,6.75,6.86,10672000
2020-03-11,7.14,7.48,7.05,7.16,7380401
2020-03-12,7,7,6.5,6.7,10568230
2020-03-13,6.5,6.92,6.41,6.92,5200050
2020-03-16,6.8,6.8,6.39,6.45,8063250
2020-03-17,6.33,6.4,6.17,6.3,4935000
2020-03-18,5.99,6.1,5.51,5.53,16929800
2020-03-19,4.9,5.2,4.6,4.76,28085300
2020-03-20,5.35,5.78,5.32,5.71,16993250
2020-03-23,4.78,4.96,4.7,4.77,46410801
2020-03-24,5,5.11,4.97,5.06,18239400
2020-03-25,5.14,5.24,5.12,5.17,14453600
2020-03-26,5.12,5.12,4.89,4.9,18883400
2020-03-27,4.84,4.87,4.71,4.73,38244200
2020-03-30,4.36,4.45,4.19,4.22,100607208
2020-03-31,4.34,4.52,4.31,4.43,74392600
2020-04-01,4.26,4.33,4.17,4.24,61909860
2020-04-02,4.35,4.73,4.33,4.63,124144455
2020-04-03,4.9,5.34,4.88,5.29,176893000
2020-04-06,5.45,5.86,5.39,5.75,131580290
2020-04-07,5.62,5.65,5.51,5.59,68652400
2020-04-08,5.25,5.29,5.05,5.1,110766100
2020-04-09,5.4,5.46,5.28,5.43,103239800
2020-04-14,5,5.1,4.86,4.88,161285150
2020-04-15,4.55,4.6,4.36,4.36,253249850
2020-04-16,4.46,4.49,4.32,4.34,187199000
2020-04-17,4.41,4.43,4.15,4.18,287273300
2020-04-20,3.85,3.95,3.84,3.87,499824300
2020-04-21,3.59,3.65,3.31,3.32,488276213
2020-04-22,1.91,1.95,1.61,1.79,719857120
2020-04-23,1.86,2.05,1.86,1.95,333819002
2020-04-24,1.99,2,1.89,1.92,133195600
2020-04-27,1.86,1.86,1.76,1.78,128912450
2020-04-28,1.77,1.79,1.71,1.72,109909630
2020-04-29,1.76,1.81,1.73,1.77,62529200
2020-05-04,1.78,1.84,1.77,1.8,69182000
2020-05-05,1.91,2,1.91,1.98,57156535
2020-05-06,2.08,2.1,2.05,2.08,70977200
2020-05-07,2.04,2.05,2,2.01,44239200
2020-05-08,2.05,2.08,2.02,2.06,33197650
2020-05-11,2.07,2.09,2.05,2.06,33877500
2020-05-12,2.04,2.04,2.01,2.02,22639200
2020-05-13,2.01,2.02,1.98,1.98,25979800
2020-05-14,1.97,2.01,1.96,1.97,20192800
2020-05-15,2.06,2.13,2.05,2.12,56920000
2020-05-18,2.22,2.25,2.2,2.25,50142900
2020-05-19,2.34,2.35,2.27,2.31,68577800
2020-05-20,2.3,2.33,2.29,2.3,25312400
2020-05-21,2.39,2.45,2.39,2.42,63474300
2020-05-22,2.41,2.43,2.23,2.27,115065600
2020-05-25,2.33,2.4,2.33,2.4,45473600
2020-05-26,2.43,2.46,2.42,2.44,37613000
2020-05-27,2.45,2.46,2.39,2.41,26221000
2020-05-28,2.32,2.32,2.26,2.3,33883200
2020-05-29,2.35,2.38,2.33,2.33,17320500
2020-06-01,2.458,2.51,2.458,2.498,41668600
2020-06-02,2.52,2.524,2.5,2.524,22016200
2020-06-03,2.626,2.66,2.616,2.638,66874700
2020-06-04,2.6,2.63,2.564,2.58,33517800
2020-06-05,2.612,2.67,2.606,2.67,27366800
2020-06-08,2.772,2.806,2.726,2.794,60236005
2020-06-09,2.712,2.712,2.636,2.642,55878000
2020-06-10,2.674,2.69,2.66,2.67,20898000
2020-06-11,2.696,2.698,2.65,2.65,37586800
2020-06-12,2.432,2.522,2.432,2.504,76484000
2020-06-15,2.48,2.496,2.43,2.45,36013000
2020-06-16,2.53,2.626,2.53,2.62,34505400
2020-06-17,2.62,2.682,2.6,2.67,24754800
2020-06-18,2.628,2.652,2.602,2.652,15954200
2020-06-19,2.7,2.762,2.7,2.76,44634250
2020-06-22,2.75,2.768,2.724,2.754,25352800
2020-06-23,2.78,2.826,2.748,2.824,44460100
2020-06-24,2.788,2.8,2.758,2.77,20683400
2020-06-26,2.71,2.72,2.682,2.702,29652600
2020-06-29,2.636,2.648,2.604,2.622,21772800
2020-06-30,2.728,2.73,2.708,2.71,20118600
2020-07-02,2.734,2.782,2.734,2.776,18394600
2020-07-03,2.782,2.8,2.766,2.772,26872200
2020-07-06,2.782,2.836,2.782,2.832,55124610
2020-07-07,2.83,2.83,2.762,2.776,21750400
2020-07-08,2.778,2.81,2.778,2.8,16810800
2020-07-09,2.81,2.824,2.804,2.806,31211800
2020-07-10,2.744,2.744,2.692,2.712,19353800
2020-07-13,2.75,2.794,2.75,2.776,22088200
2020-07-14,2.74,2.748,2.714,2.73,17210400
2020-07-15,2.768,2.826,2.768,2.82,34777200
2020-07-16,2.832,2.846,2.816,2.82,39516205
2020-07-17,2.808,2.824,2.794,2.798,23574401
2020-07-20,2.792,2.798,2.774,2.786,8726200
2020-07-21,2.802,2.838,2.802,2.838,16561800
2020-07-22,2.842,2.886,2.842,2.864,17999600
2020-07-23,2.888,2.904,2.878,2.898,9980400
2020-07-24,2.84,2.84,2.806,2.828,19878400
2020-07-27,2.832,2.85,2.826,2.834,15782000
2020-07-28,2.88,2.884,2.856,2.862,6948000
2020-07-29,2.842,2.856,2.828,2.852,4122600
2020-07-30,2.85,2.856,2.82,2.824,10312600
2020-07-31,2.792,2.8,2.77,2.794,10918800
2020-08-03,2.79,2.79,2.746,2.756,11780400
2020-08-04,2.816,2.836,2.81,2.82,11473200
2020-08-05,2.86,2.902,2.86,2.898,14474600
2020-08-06,2.904,2.934,2.904,2.908,15315500
2020-08-07,2.898,2.914,2.882,2.9,13823000
2020-08-10,2.89,2.9,2.872,2.892,4286000
2020-08-11,2.898,2.93,2.898,2.924,8987200
2020-08-12,2.92,2.92,2.88,2.908,15132600
2020-08-13,2.938,2.946,2.93,2.94,8610400
2020-08-14,2.914,2.93,2.902,2.912,5839400
2020-08-17,2.912,2.938,2.912,2.924,5950800
2020-08-18,2.95,2.966,2.944,2.962,10282500
2020-08-19,2.946,2.946,2.936,2.944,2509200
2020-08-20,2.942,2.942,2.924,2.934,4538800
2020-08-21,2.934,2.942,2.924,2.928,4408400
2020-08-24,2.912,2.926,2.896,2.92,4725200
2020-08-25,2.92,2.928,2.91,2.91,4949800
2020-08-26,2.966,2.978,2.966,2.974,7987400
2020-08-27,2.974,2.98,2.966,2.978,4153000
2020-08-28,2.924,2.954,2.924,2.938,6698400
2020-08-31,2.942,2.976,2.942,2.974,8603600
2020-09-01,2.97,2.97,2.936,2.958,5587400
2020-09-02,2.95,2.964,2.95,2.96,5011800
2020-09-03,2.93,2.93,2.828,2.84,19379400
2020-09-04,2.822,2.864,2.812,2.858,6185000
2020-09-07,2.844,2.844,2.688,2.704,19503800
2020-09-08,2.7,2.704,2.674,2.682,7030800
2020-09-09,2.55,2.596,2.51,2.596,17440400
2020-09-10,2.61,2.632,2.59,2.596,10318800
2020-09-11,2.576,2.584,2.552,2.56,5240000
2020-09-14,2.574,2.592,2.57,2.572,3798200
2020-09-15,2.57,2.576,2.554,2.56,4087200
2020-09-16,2.584,2.692,2.584,2.682,10309400
2020-09-17,2.73,2.752,2.696,2.72,5777000
2020-09-18,2.78,2.828,2.78,2.806,8759400
2020-09-21,2.788,2.81,2.742,2.744,4473400
2020-09-22,2.694,2.702,2.67,2.69,4005000
2020-09-23,2.68,2.696,2.666,2.692,3344000
2020-09-24,2.682,2.698,2.67,2.692,5245000
2020-09-25,2.73,2.752,2.72,2.736,6420600
2020-09-28,2.75,2.75,2.696,2.706,2770400
2020-09-29,2.706,2.742,2.706,2.736,6619600
2020-09-30,2.686,2.686,2.634,2.646,4703200
2020-10-05,2.63,2.638,2.554,2.568,11152220
2020-10-06,2.638,2.686,2.638,2.666,4758400
2020-10-07,2.698,2.734,2.692,2.722,7292000
2020-10-08,2.72,2.74,2.698,2.74,3856800
2020-10-09,2.77,2.8,2.77,2.798,10335800
2020-10-12,2.728,2.738,2.716,2.718,3030836
2020-10-14,2.718,2.722,2.704,2.71,3314400
2020-10-15,2.778,2.78,2.75,2.75,6998600
2020-10-16,2.75,2.758,2.73,2.75,3958400
2020-10-19,2.754,2.778,2.742,2.758,3530200
2020-10-20,2.744,2.758,2.73,2.754,1738400
2020-10-21,2.77,2.788,2.756,2.764,4858600
2020-10-22,2.71,2.71,2.668,2.7,4585200
2020-10-23,2.702,2.738,2.702,2.722,4562800
2020-10-27,2.668,2.668,2.594,2.61,6804200
2020-10-28,2.612,2.618,2.576,2.582,4349000
2020-10-29,2.576,2.576,2.506,2.512,10941800
2020-10-30,2.5,2.5,2.39,2.42,13762200
2020-11-02,2.35,2.358,2.316,2.34,9783400
2020-11-03,2.4,2.498,2.4,2.482,9030600
2020-11-04,2.55,2.608,2.516,2.53,10800600
2020-11-05,2.604,2.616,2.578,2.596,9603800
2020-11-06,2.596,2.596,2.53,2.576,7157100
2020-11-09,2.568,2.578,2.558,2.56,5744000
2020-11-10,2.7,2.718,2.662,2.702,25528200
2020-11-11,2.722,2.846,2.722,2.834,20279600
2020-11-12,2.806,2.808,2.762,2.78,6852600
2020-11-13,2.75,2.75,2.696,2.716,4121000
2020-11-16,2.718,2.74,2.71,2.74,2269800
2020-11-17,2.77,2.782,2.758,2.762,3665200
2020-11-18,2.754,2.772,2.744,2.77,3376800
2020-11-19,2.764,2.79,2.762,2.788,4353200
2020-11-20,2.78,2.784,2.768,2.768,4032700
2020-11-23,2.806,2.852,2.804,2.85,12078200
2020-11-24,2.88,2.894,2.848,2.876,7750000
2020-11-25,2.97,3.02,2.97,3,33028800
2020-11-26,3.014,3.044,3.004,3.008,8650600
2020-11-27,2.968,2.982,2.952,2.954,7401000
2020-11-30,2.972,2.992,2.942,2.96,8337800
2020-12-01,2.964,2.982,2.964,2.976,3348200
2020-12-02,2.918,2.938,2.906,2.936,4617200
2020-12-03,2.984,3,2.972,2.996,3255800
2020-12-04,3,3.072,3,3.062,11938000
2020-12-07,3.054,3.054,3.034,3.034,6167600
2020-12-08,3.008,3.014,2.988,3.004,3649210
2020-12-09,3.012,3.024,2.998,3.022,3306000
2020-12-10,3.02,3.028,3.01,3.014,3715200
2020-12-11,3.1,3.118,3.076,3.104,8475800
2020-12-14,3.074,3.114,3.072,3.112,8687400
2020-12-15,3.108,3.108,3.074,3.076,1968600
2020-12-16,3.12,3.14,3.12,3.13,5461600
2020-12-17,3.158,3.204,3.158,3.202,6512105
2020-12-18,3.184,3.186,3.17,3.18,7781600
2020-12-21,3.18,3.18,3.126,3.138,4365400
2020-12-22,3.114,3.144,3.062,3.092,21997600
2020-12-23,3.06,3.064,3.038,3.064,3479000
2020-12-24,3.15,3.174,3.15,3.174,3813600
2020-12-28,3.172,3.172,3.144,3.172,3495800
2020-12-29,3.172,3.172,3.138,3.166,15718000
2020-12-30,3.168,3.182,3.164,3.172,2694200
2020-12-31,3.172,3.174,3.162,3.174,1814999
2021-01-04,3.192,3.262,3.192,3.254,12016000
2021-01-05,3.19,3.19,3.114,3.122,3782200
2021-01-06,3.23,3.292,3.23,3.28,10778800
2021-01-07,3.3,3.354,3.3,3.34,22517000
2021-01-08,3.338,3.358,3.334,3.348,5633400
2021-01-11,3.4,3.416,3.368,3.382,4466000
2021-01-12,3.408,3.452,3.408,3.45,21507800
2021-01-13,3.46,3.524,3.46,3.504,10971200
2021-01-14,3.496,3.496,3.452,3.484,5080000
2021-01-15,3.484,3.51,3.46,3.47,7238600
2021-01-18,3.4,3.418,3.386,3.41,5063800
2021-01-19,3.45,3.45,3.41,3.428,6297200
2021-01-20,3.45,3.49,3.45,3.486,4538400
2021-01-21,3.49,3.49,3.454,3.466,4148800
2021-01-22,3.466,3.466,3.416,3.418,4886000
2021-01-25,3.408,3.434,3.402,3.434,6848800
2021-01-26,3.45,3.45,3.414,3.42,3752000
2021-01-27,3.42,3.46,3.42,3.454,9229800
2021-01-28,3.448,3.448,3.416,3.428,8491000
2021-01-29,3.43,3.43,3.398,3.402,5157800
2021-02-01,3.4,3.436,3.398,3.432,5199200
2021-02-02,3.5,3.536,3.418,3.522,11076600
2021-02-03,3.58,3.598,3.568,3.596,10966800
2021-02-04,3.63,3.662,3.63,3.65,22208900
2021-02-05,3.662,3.698,3.662,3.682,10251200
2021-02-08,3.72,3.75,3.72,3.748,12963400
2021-02-09,3.782,3.816,3.782,3.806,8919100
2021-02-10,3.8,3.806,3.784,3.794,7166200
2021-02-11,3.79,3.804,3.79,3.798,14558400
2021-02-16,3.9,3.93,3.9,3.918,24864600
2021-02-17,3.918,3.948,3.888,3.946,10481600
2021-02-18,4,4.028,3.996,4.002,23088000
2021-02-19,3.95,3.95,3.824,3.884,10397400
2021-02-22,3.904,3.928,3.896,3.9,6758800
2021-02-23,4.004,4.102,4.004,4.07,31310800
2021-02-24,4.07,4.07,3.98,4.004,25471200
2021-02-25,4.122,4.158,4.112,4.156,32100200
2021-02-26,4.102,4.126,4.072,4.086,13748600
2021-03-01,4.088,4.092,4.064,4.088,5626800
2021-03-02,3.91,3.924,3.88,3.904,6975800
2021-03-03,3.9,3.93,3.886,3.914,2655200
2021-03-04,3.93,4.044,3.93,4.034,7998200
2021-03-05,4.156,4.242,4.156,4.242,37210000
2021-03-08,4.39,4.436,4.366,4.366,30227600
2021-03-09,4.35,4.35,4.214,4.234,21210000
2021-03-10,4.21,4.212,4.14,4.154,5656200
2021-03-11,4.2,4.264,4.2,4.244,3335100
2021-03-12,4.3,4.32,4.29,4.29,4623200
2021-03-15,4.3,4.354,4.3,4.348,3543100
2021-03-16,4.262,4.274,4.246,4.266,1902600
2021-03-17,4.25,4.298,4.25,4.292,2526000
2021-03-18,4.24,4.24,4.208,4.21,2381596
2021-03-19,3.962,3.996,3.91,3.968,8446600
2021-03-22,3.982,4.048,3.982,4.002,2083000
2021-03-23,4.002,4.026,4.002,4.016,2161400
2021-03-24,3.888,3.888,3.806,3.876,5069400
2021-03-25,3.902,3.994,3.902,3.986,5095800
2021-03-26,3.98,3.98,3.9,3.952,2011000
2021-03-29,4.008,4.026,3.93,3.97,5464200
2021-03-30,4.048,4.086,4.044,4.07,4058800
2021-03-31,4.012,4.036,3.994,4.01,3571600
2021-04-01,3.934,4,3.92,4,2117400
2021-04-07,3.986,3.986,3.922,3.946,2093800
2021-04-08,3.928,3.946,3.916,3.922,3046000
2021-04-09,3.954,3.962,3.924,3.928,1130200
2021-04-12,3.944,3.946,3.892,3.896,889600
2021-04-13,3.946,3.982,3.94,3.966,3307000
2021-04-14,3.996,4.04,3.996,4.03,1781800
2021-04-15,4.11,4.194,4.11,4.158,6277400
2021-04-16,4.14,4.22,4.14,4.208,6995800
2021-04-19,4.142,4.18,4.142,4.18,2284600
2021-04-20,4.158,4.238,4.158,4.236,4907200
2021-04-21,4.124,4.128,4.094,4.126,2251000
2021-04-22,4.04,4.04,4.01,4.022,3491400
2021-04-23,4.072,4.096,4.066,4.088,2346200
2021-04-26,4.098,4.108,4.05,4.058,1115230
2021-04-27,4.06,4.13,4.06,4.12,2470800
2021-04-28,4.148,4.172,4.134,4.15,3908630
2021-04-29,4.188,4.238,4.188,4.232,5799800
2021-04-30,4.238,4.27,4.238,4.238,6358000
2021-05-03,4.05,4.202,4.05,4.17,1578400
2021-05-04,4.2,4.272,4.2,4.272,2926200
2021-05-05,4.35,4.392,4.35,4.38,26385400
2021-05-06,4.328,4.354,4.326,4.354,2680000
2021-05-07,4.278,4.31,4.274,4.284,1869800
2021-05-10,4.338,4.344,4.302,4.316,1462600
2021-05-11,4.314,4.314,4.25,4.254,1629200
2021-05-12,4.324,4.364,4.3,4.358,4748000
2021-05-13,4.356,4.356,4.288,4.294,3324400
2021-05-14,4.27,4.27,4.2,4.23,16299600
2021-05-17,4.322,4.338,4.302,4.32,16808200
2021-05-18,4.38,4.42,4.374,4.412,8431400
2021-05-20,4.228,4.228,4.184,4.212,19934000
2021-05-21,4.148,4.148,4.092,4.098,3844600
2021-05-24,4.162,4.264,4.162,4.264,2442600
2021-05-25,4.374,4.374,4.33,4.334,18368400
2021-05-26,4.356,4.38,4.34,4.362,5429400
2021-05-27,4.35,4.354,4.332,4.34,1231100
2021-05-28,4.426,4.436,4.4,4.406,9091400
2021-05-31,4.398,4.428,4.386,4.426,1952400
2021-06-01,4.438,4.486,4.438,4.486,8304800
2021-06-02,4.486,4.5,4.47,4.484,3280200
2021-06-03,4.55,4.574,4.548,4.55,7302800
2021-06-04,4.516,4.562,4.508,4.552,2106000
2021-06-07,4.574,4.6,4.544,4.562,1871200
2021-06-08,4.53,4.546,4.522,4.536,2308000
2021-06-09,4.62,4.652,4.62,4.636,6577700
2021-06-10,4.636,4.636,4.57,4.598,722000
2021-06-11,4.606,4.64,4.588,4.638,2312400
2021-06-15,4.654,4.698,4.652,4.682,3629400
2021-06-16,4.744,4.77,4.744,4.748,4836400
2021-06-17,4.738,4.738,4.69,4.722,1920600
2021-06-18,4.722,4.722,4.602,4.63,2008200
2021-06-21,4.7,4.728,4.678,4.702,2902400
2021-06-22,4.78,4.798,4.758,4.76,3266600
2021-06-23,4.76,4.82,4.76,4.814,6233200
2021-06-24,4.814,4.834,4.8,4.832,3925600
2021-06-25,4.838,4.846,4.82,4.84,1348800
2021-06-28,4.83,4.882,4.83,4.862,2245800
2021-06-29,4.81,4.81,4.768,4.802,2641600
2021-06-30,4.81,4.844,4.81,4.812,2083600
2021-07-02,4.9,4.942,4.9,4.92,5530000
2021-07-05,4.904,4.95,4.904,4.94,3007200
2021-07-06,4.982,5.04,4.982,5.04,7741800
2021-07-07,4.85,4.876,4.8,4.85,3583400
2021-07-08,4.818,4.818,4.698,4.7,16216600
2021-07-09,4.8,4.826,4.782,4.822,2123000
2021-07-12,4.882,4.904,4.85,4.85,14002800
2021-07-13,4.882,4.908,4.876,4.908,1424400
2021-07-14,4.946,4.97,4.942,4.95,2290200
2021-07-15,4.876,4.876,4.756,4.766,15335800
2021-07-16,4.764,4.774,4.732,4.764,1778600
2021-07-19,4.702,4.736,4.688,4.71,3782000
2021-07-20,4.596,4.596,4.442,4.5,8311000
2021-07-21,4.498,4.518,4.446,4.516,1836400
2021-07-22,4.686,4.692,4.656,4.678,1912000
2021-07-23,4.766,4.792,4.764,4.784,2190800
2021-07-26,4.798,4.804,4.742,4.75,6976400
2021-07-27,4.75,4.836,4.75,4.804,4954800
2021-07-28,4.82,4.828,4.806,4.81,4097600
2021-07-29,4.81,4.88,4.81,4.88,7574600
2021-07-30,4.886,4.896,4.874,4.894,14649800
2021-08-02,4.878,4.894,4.85,4.874,1131200
2021-08-03,4.8,4.8,4.744,4.774,14478800
2021-08-04,4.742,4.742,4.696,4.736,1855600
2021-08-05,4.65,4.65,4.55,4.578,2165600
2021-08-06,4.636,4.68,4.632,4.668,1285600
2021-08-09,4.58,4.58,4.462,4.462,2606400
2021-08-10,4.504,4.58,4.488,4.564,2174000
2021-08-11,4.584,4.626,4.584,4.616,864400
2021-08-12,4.68,4.682,4.65,4.676,589300
2021-08-13,4.658,4.658,4.6,4.628,1258600
2021-08-16,4.548,4.56,4.51,4.53,1201400
2021-08-17,4.55,4.55,4.5,4.512,1692600
2021-08-18,4.488,4.52,4.48,4.502,890900
2021-08-19,4.486,4.486,4.292,4.296,4660800
2021-08-20,4.296,4.326,4.286,4.292,2149200
2021-08-23,4.242,4.304,4.24,4.304,2329400
2021-08-24,4.43,4.484,4.43,4.474,1533600
2021-08-25,4.544,4.57,4.536,4.554,1445800
2021-08-26,4.59,4.606,4.566,4.566,939400
2021-08-27,4.574,4.646,4.574,4.638,1553400
2021-08-30,4.634,4.67,4.61,4.612,1576300
2021-08-31,4.664,4.686,4.648,4.656,12040000
2021-09-01,4.65,4.688,4.65,4.684,1438600
2021-09-02,4.604,4.644,4.598,4.644,1724400
2021-09-03,4.72,4.744,4.72,4.736,3217200
2021-09-06,4.652,4.66,4.632,4.65,3500600
2021-09-07,4.668,4.7,4.668,4.686,6063400
2021-09-08,4.686,4.686,4.63,4.654,679000
2021-09-09,4.672,4.704,4.67,4.674,27247400
2021-09-10,4.608,4.672,4.608,4.67,1179600
2021-09-13,4.742,4.764,4.732,4.744,3366800
2021-09-14,4.778,4.806,4.776,4.804,2341600
2021-09-15,4.804,4.822,4.78,4.814,3248200
2021-09-16,4.852,4.92,4.852,4.888,18904000
2021-09-17,4.89,4.904,4.87,4.872,3258800
2021-09-20,4.84,4.84,4.79,4.806,5966000
2021-09-21,4.784,4.83,4.784,4.826,14922200
2021-09-23,4.88,4.922,4.88,4.906,4212800
2021-09-24,4.966,4.998,4.952,4.972,17795000
2021-09-27,5.065,5.105,5.06,5.065,9611000
2021-09-28,5.1,5.195,5.1,5.165,11105800
2021-09-29,5.12,5.12,5,5.045,2331600
2021-09-30,5.1,5.1,5.055,5.095,3621200
2021-10-04,5.115,5.15,5.115,5.15,3283400
2021-10-05,5.255,5.3,5.255,5.29,5195000
2021-10-06,5.355,5.405,5.345,5.355,13565400
2021-10-07,5.29,5.29,5.155,5.16,2396200
2021-10-08,5.4,5.4,5.35,5.385,5891200
2021-10-11,5.445,5.46,5.405,5.46,4118800
2021-10-12,5.46,5.46,5.4,5.445,2868800
2021-10-15,5.5,5.55,5.5,5.54,7413000
2021-10-18,5.555,5.615,5.555,5.59,3305200
2021-10-19,5.6,5.6,5.5,5.565,1168200
2021-10-20,5.57,5.57,5.52,5.52,2091000
2021-10-21,5.595,5.65,5.59,5.6,2596400
2021-10-22,5.58,5.595,5.515,5.56,1304200
2021-10-25,5.65,5.685,5.65,5.66,1526000
2021-10-26,5.66,5.66,5.605,5.61,780600
2021-10-27,5.66,5.66,5.605,5.605,1316200
2021-10-28,5.455,5.515,5.425,5.51,2495000
2021-10-29,5.52,5.59,5.52,5.57,883000
2021-11-01,5.57,5.57,5.52,5.52,825400
2021-11-02,5.61,5.64,5.605,5.615,1452200
2021-11-03,5.55,5.56,5.515,5.53,11520800
2021-11-04,5.48,5.48,5.355,5.45,1409200
2021-11-05,5.405,5.405,5.32,5.335,1004000
2021-11-08,5.505,5.55,5.505,5.54,1460600
2021-11-09,5.5,5.53,5.5,5.52,1223200
2021-11-10,5.635,5.655,5.625,5.63,2647000
2021-11-11,5.5,5.5,5.45,5.475,1087400
2021-11-12,5.46,5.47,5.435,5.44,918001
2021-11-15,5.415,5.415,5.385,5.405,533200
2021-11-16,5.405,5.505,5.405,5.475,327400
2021-11-17,5.425,5.43,5.4,5.43,868400
2021-11-18,5.35,5.35,5.255,5.265,2176200
2021-11-19,5.395,5.45,5.39,5.435,1788200
2021-11-22,5.26,5.26,5.19,5.25,1796800
2021-11-23,5.275,5.285,5.24,5.26,1014800
2021-11-24,5.42,5.455,5.41,5.425,5592300
2021-11-25,5.425,5.425,5.41,5.41,587600
2021-11-26,5.375,5.375,5.17,5.18,3581400
2021-11-29,5.09,5.09,4.908,4.966,10611800
2021-11-30,4.966,4.966,4.666,4.738,11943800
2021-12-01,4.7,4.766,4.654,4.764,4929400
2021-12-02,4.738,4.738,4.564,4.642,3734200
2021-12-03,4.642,4.73,4.626,4.73,1201800
2021-12-06,4.728,4.746,4.71,4.734,500000
2021-12-07,4.86,4.93,4.86,4.922,1667400
2021-12-08,4.996,5.015,4.968,4.982,1672000
2021-12-09,5.05,5.105,5.05,5.065,1010400
2021-12-10,5,5,4.922,4.932,900600
2021-12-13,5.05,5.08,5.05,5.05,1517400
2021-12-14,4.954,4.98,4.922,4.976,1145400
2021-12-15,4.9,4.9,4.85,4.872,1698800
2021-12-16,4.992,5,4.972,4.98,665200
2021-12-17,5.005,5.015,4.964,4.982,444200
2021-12-20,4.826,4.83,4.736,4.766,849600
2021-12-21,4.766,4.86,4.766,4.814,2004000
2021-12-22,4.976,4.996,4.958,4.96,902000
2021-12-23,5.05,5.09,5.05,5.055,1084800
2021-12-24,5.08,5.125,5.08,5.1,510000
2021-12-28,5.21,5.285,5.21,5.25,2154000
2021-12-29,5.275,5.29,5.27,5.29,1299000
2021-12-30,5.3,5.35,5.3,5.3,2234800
2021-12-31,5.29,5.325,5.285,5.32,723000
2022-01-03,5.28,5.285,5.25,5.285,879600
2022-01-04,5.32,5.335,5.275,5.3,982200
2022-01-05,5.3,5.365,5.3,5.36,1031800
2022-01-06,5.36,5.38,5.33,5.375,844600
2022-01-07,5.51,5.56,5.51,5.535,4807600
2022-01-10,5.485,5.5,5.44,5.49,1017800
2022-01-11,5.45,5.47,5.445,5.47,493400
2022-01-12,5.63,5.64,5.61,5.625,4981000
2022-01-13,5.715,5.715,5.67,5.685,2191700
2022-01-14,5.66,5.7,5.66,5.69,2057600
2022-01-17,5.81,5.83,5.785,5.81,13239100
2022-01-18,5.81,5.91,5.81,5.905,6295200
2022-01-19,5.97,5.99,5.91,5.92,2095000
2022-01-20,5.89,5.96,5.88,5.91,2773060
2022-01-21,5.79,5.87,5.77,5.865,1834800
2022-01-24,5.955,5.975,5.935,5.95,1012600
2022-01-25,5.925,5.925,5.8,5.83,10643200
2022-01-26,5.9,5.945,5.89,5.935,1138000
2022-01-27,6.01,6.02,5.955,5.995,12177800
2022-01-28,6,6.025,5.985,6.02,1841000
2022-01-31,6.055,6.07,6.045,6.05,602800
2022-02-04,6.2,6.23,6.2,6.23,2917400
2022-02-07,6.325,6.355,6.285,6.32,1930200
2022-02-08,6.265,6.295,6.23,6.24,1189000
2022-02-09,6.23,6.23,5.535,6.11,2306200
2022-02-10,6.195,6.215,6.18,6.215,630800
2022-02-11,6.175,6.19,6.14,6.175,1394000
2022-02-14,6.45,6.455,6.41,6.43,5506200
2022-02-15,6.43,6.45,6.41,6.42,4117200
2022-02-16,6.335,6.335,6.205,6.29,12694400
2022-02-17,6.23,6.31,6.21,6.3,741000
2022-02-18,6.29,6.29,6.19,6.205,1655200
2022-02-21,6.25,6.26,6.215,6.235,1246800
2022-02-22,6.45,6.525,6.44,6.52,4131400
2022-02-23,6.47,6.47,6.4,6.43,783400
2022-02-24,6.49,6.825,6.485,6.765,6389800
2022-02-25,6.69,6.69,6.53,6.585,4033700
2022-02-28,6.6,6.725,6.585,6.61,3680600
2022-03-01,6.6,6.725,6.6,6.705,2022300
2022-03-02,7.115,7.52,7.115,7.475,20799200
2022-03-03,7.59,7.85,7.59,7.81,8422900
2022-03-04,7.69,7.69,7.38,7.4,14542600
2022-03-07,8.285,8.55,8.285,8.47,21984700
2022-03-08,8.14,8.39,8,8.295,4396600
2022-03-09,8.5,8.59,8.425,8.46,5051000
2022-03-10,7.48,7.58,7.23,7.53,18899200
2022-03-11,7.48,7.48,7.155,7.455,4118200
2022-03-14,7.445,7.445,7.28,7.29,3399200
2022-03-15,6.995,6.995,6.795,6.825,6538200
2022-03-16,6.8,6.97,6.8,6.925,2861600
2022-03-17,6.925,6.925,6.745,6.89,5209000
2022-03-18,7.325,7.46,7.31,7.37,3521900
2022-03-21,7.5,7.64,7.5,7.635,3298200
2022-03-22,7.98,8.025,7.895,7.91,4341600
2022-03-23,7.89,7.895,7.765,7.835,1229200
2022-03-24,8.2,8.25,8.01,8.125,12582400
2022-03-25,8.075,8.075,7.85,7.85,1622800
2022-03-28,7.85,7.89,7.73,7.75,563800
2022-03-29,7.5,7.605,7.43,7.6,13252400
2022-03-30,7.3,7.65,7.3,7.6,2731600
2022-03-31,7.415,7.45,7.265,7.4,1724800
2022-04-01,7.235,7.275,7.08,7.2,2267000
2022-04-04,7.2,7.31,7.17,7.28,659800
2022-04-06,7.38,7.48,7.38,7.47,1138400
2022-04-07,7.385,7.385,7.07,7.08,1487000
2022-04-08,7.1,7.125,7.01,7.12,1384000
2022-04-11,7.02,7.12,7.02,7.08,9420400
2022-04-12,7.05,7.2,7.035,7.135,3871000
2022-04-13,7.425,7.425,7.355,7.375,859600
2022-04-14,7.505,7.62,7.505,7.54,3289800
2022-04-19,7.83,7.905,7.78,7.79,2046200
2022-04-20,7.65,7.65,7.505,7.505,786500
2022-04-21,7.565,7.675,7.565,7.65,498400
2022-04-22,7.59,7.615,7.53,7.605,893400
2022-04-25,7.42,7.42,7.2,7.21,692200
2022-04-26,7.21,7.335,7.21,7.21,343000
2022-04-27,7.5,7.535,7.445,7.47,651400
2022-04-28,7.46,7.47,7.34,7.45,243200
2022-04-29,7.58,7.72,7.58,7.685,2910800
2022-05-03,7.69,7.69,7.58,7.615,629800
2022-05-04,7.58,7.685,7.52,7.665,228200
2022-05-05,7.8,7.94,7.8,7.86,13021000
2022-05-06,7.86,7.98,7.86,7.9,1045400
2022-05-10,7.47,7.58,7.345,7.58,14221400
2022-05-11,7.34,7.5,7.34,7.455,4469000
2022-05-12,7.615,7.66,7.495,7.545,2226800
2022-05-13,7.545,7.83,7.545,7.765,14156800
2022-05-16,7.93,7.94,7.81,7.855,1190200
2022-05-17,8.105,8.2,8.1,8.14,2857200
2022-05-18,8.14,8.14,8,8.09,701800
2022-05-19,7.96,7.96,7.78,7.81,12266600
2022-05-20,7.95,7.975,7.87,7.96,200200
2022-05-23,8.06,8.095,8.04,8.09,11129800
2022-05-24,8,8.02,7.935,7.995,10957200
2022-05-25,8.1,8.125,8.075,8.1,1017000
2022-05-26,8.065,8.12,8.055,8.115,1495600
2022-05-27,8.3,8.37,8.29,8.33,12966400
2022-05-30,8.405,8.485,8.405,8.44,1968800
2022-05-31,8.53,8.72,8.53,8.685,2343900
2022-06-01,8.42,8.525,8.375,8.515,960600
2022-06-02,8.4,8.4,8.24,8.27,12454600
2022-06-06,8.625,8.8,8.625,8.745,14060000
2022-06-07,8.72,8.77,8.7,8.7,1079200
2022-06-08,8.76,8.855,8.76,8.835,2144000
2022-06-09,9,9.015,8.94,8.945,1610500
2022-06-10,8.945,8.945,8.83,8.87,221000
2022-06-13,8.845,8.845,8.65,8.685,982200
2022-06-14,8.845,8.925,8.83,8.92,289800
2022-06-15,8.89,8.89,8.67,8.705,420800
2022-06-16,8.6,8.6,8.525,8.55,580200
2022-06-17,8.75,8.75,8.55,8.675,14685600
2022-06-20,8.55,8.55,8.075,8.14,1371600
2022-06-21,8.275,8.325,8.23,8.29,764200
2022-06-22,8.13,8.13,7.78,7.855,4245400
2022-06-23,7.75,7.9,7.71,7.84,619400
2022-06-24,7.825,7.83,7.73,7.775,740400
2022-06-27,7.8,8.04,7.8,8.02,508200
2022-06-28,8.08,8.29,8.08,8.23,1025400
2022-06-29,8.46,8.46,8.265,8.315,235400
2022-06-30,8.2,8.225,8.145,8.165,463000
2022-07-04,7.99,8.1,7.97,8.04,290600
2022-07-05,8.235,8.265,8.14,8.19,308600
2022-07-06,7.73,7.73,7.34,7.345,3821000
2022-07-07,7.275,7.31,7.1,7.19,1429400
2022-07-08,7.5,7.635,7.5,7.555,1157600
2022-07-11,7.795,7.795,7.555,7.555,434800
2022-07-12,7.605,7.655,7.5,7.5,466600
2022-07-13,7.1,7.25,7.1,7.21,1015800
2022-07-14,7.205,7.245,7.125,7.15,883800
2022-07-15,7.11,7.195,7.045,7.07,1267400
2022-07-18,7.14,7.44,7.14,7.395,1142200
2022-07-19,7.56,7.62,7.515,7.6,479800
2022-07-20,7.6,7.64,7.5,7.53,382200
2022-07-21,7.575,7.6,7.435,7.445,303800
2022-07-22,7.4,7.48,7.335,7.345,369200
2022-07-25,7.345,7.345,7.18,7.19,419000
2022-07-26,7.495,7.6,7.49,7.55,642400
2022-07-27,7.53,7.53,7.325,7.425,371800
2022-07-28,7.6,7.68,7.6,7.655,789800
2022-07-29,7.57,7.615,7.495,7.615,287800
2022-08-01,7.615,7.615,7.55,7.595,173600
2022-08-02,7.28,7.355,7.235,7.31,2192400
2022-08-03,7.36,7.41,7.33,7.335,227400
2022-08-04,7.2,7.2,7.1,7.135,816400
2022-08-05,7.085,7.085,6.95,7.01,1035400
2022-08-08,6.965,7.085,6.96,7.02,351600
2022-08-09,7.055,7.15,7.055,7.07,530800
2022-08-10,7.07,7.12,7.05,7.07,531800
2022-08-11,7.2,7.255,7.2,7.22,150000
2022-08-12,7.395,7.44,7.375,7.43,814200
2022-08-15,7.24,7.25,7.15,7.15,461200
2022-08-16,7,7.07,6.99,7,1018000
2022-08-17,6.98,6.98,6.9,6.9,371800
2022-08-18,7,7.015,6.975,7,229400
2022-08-19,7.1,7.195,7.1,7.145,417800
2022-08-22,7.145,7.17,7.1,7.105,134000
2022-08-23,7.23,7.325,7.23,7.3,627300
2022-08-24,7.42,7.525,7.42,7.525,2086200
2022-08-25,7.6,7.62,7.565,7.61,739600
2022-08-26,7.55,7.55,7.43,7.49,336600
2022-08-29,7.45,7.49,7.435,7.48,268000
2022-08-30,7.645,7.715,7.635,7.695,613000
2022-08-31,7.525,7.525,7.27,7.28,525200
2022-09-01,7.25,7.25,7.05,7.085,765200
2022-09-02,7,7.08,6.985,7.06,1255800
2022-09-05,7.06,7.115,7.02,7.09,617800
2022-09-06,7.15,7.155,7.06,7.13,533000
2022-09-07,7.02,7.02,6.81,6.865,1834200
2022-09-08,6.71,6.71,6.57,6.585,2288000
2022-09-09,6.66,6.75,6.65,6.75,798800
2022-09-13,6.97,7.07,6.915,7.05,993200
2022-09-14,7.04,7.04,6.88,6.92,261800
2022-09-15,7.02,7.065,7.02,7.06,323000
2022-09-16,6.81,6.835,6.76,6.765,490600
2022-09-19,6.84,6.84,6.7,6.71,264600
2022-09-20,6.8,6.855,6.8,6.85,225600
2022-09-21,6.7,6.93,6.7,6.905,350200
2022-09-22,6.66,6.715,6.64,6.715,1778000
2022-09-23,6.715,6.715,6.6,6.62,288600
2022-09-26,6.5,6.5,6.215,6.28,1519400
2022-09-27,6.18,6.255,6.16,6.24,690200
2022-09-28,6.24,6.24,6.12,6.19,413000
2022-09-29,6.45,6.555,6.41,6.45,770400
2022-09-30,6.5,6.55,6.44,6.55,299600
2022-10-03,6.515,6.62,6.495,6.605,414600
2022-10-05,6.81,6.885,6.81,6.86,842600
2022-10-06,6.98,7.03,6.96,7.02,620400
2022-10-07,7.06,7.075,7.03,7.075,577800
2022-10-10,7.27,7.335,7.26,7.28,1103600
2022-10-11,7.24,7.24,7.08,7.085,810200
2022-10-12,6.995,7.11,6.99,7.06,383200
2022-10-13,6.94,6.96,6.9,6.96,307400
2022-10-14,7.065,7.1,7.065,7.1,223600
2022-10-17,6.88,6.92,6.855,6.92,152200
2022-10-18,6.86,6.88,6.815,6.87,131000
2022-10-19,6.72,6.74,6.65,6.65,263000
2022-10-20,6.815,6.925,6.815,6.925,572200
2022-10-21,6.8,6.83,6.77,6.77,147000
2022-10-24,6.9,6.92,6.75,6.775,234400
2022-10-25,6.83,6.875,6.79,6.79,137000
2022-10-26,6.85,6.87,6.81,6.87,87100
2022-10-27,7.105,7.12,7.05,7.06,318000
2022-10-28,7.11,7.135,7.05,7.085,419800
2022-10-31,7.06,7.06,6.99,7.025,120800
2022-11-01,6.975,7.1,6.97,7.09,215600
2022-11-02,7.115,7.23,7.115,7.215,301000
2022-11-03,7.215,7.225,7.165,7.185,214100
2022-11-04,7.145,7.31,7.145,7.3,325600
2022-11-07,7.335,7.4,7.335,7.38,489600
2022-11-08,7.435,7.435,7.375,7.38,403600
2022-11-09,7.2,7.22,7.17,7.195,348800
2022-11-10,7.05,7.05,6.925,6.925,415800
2022-11-11,7.04,7.2,7.03,7.19,305800
2022-11-14,7.245,7.27,7.17,7.22,157400
2022-11-15,7,7.005,6.955,6.985,463000
2022-11-16,7.08,7.095,7.04,7.065,201800
2022-11-17,6.93,6.945,6.89,6.94,298000
2022-11-18,6.8,6.815,6.75,6.775,665600
2022-11-21,6.59,6.645,6.565,6.625,844600
2022-11-22,6.675,6.69,6.635,6.69,418000
2022-11-23,6.74,6.755,6.695,6.755,162200
2022-11-24,6.51,6.51,6.465,6.49,1257400
2022-11-25,6.52,6.57,6.52,6.55,158200
2022-11-28,6.4,6.4,6.18,6.23,1039200
2022-11-29,6.425,6.605,6.425,6.57,1183600
2022-11-30,6.575,6.6,6.55,6.585,312600
2022-12-01,6.695,6.745,6.68,6.69,245800
2022-12-02,6.745,6.78,6.73,6.775,509000
2022-12-05,6.8,6.8,6.69,6.705,522400
2022-12-06,6.49,6.5,6.445,6.475,320400
2022-12-07,6.35,6.35,6.195,6.215,1141600
2022-12-08,6.2,6.2,6.075,6.105,1660000
2022-12-09,6.09,6.09,5.995,6.005,1542800
2022-12-12,6.005,6.01,5.97,5.975,426600
2022-12-13,6.145,6.225,6.145,6.195,1811200
2022-12-14,6.275,6.285,6.25,6.28,526200
2022-12-15,6.28,6.415,6.28,6.36,718200
2022-12-16,6.315,6.36,6.285,6.285,445000
2022-12-19,6.295,6.295,6.225,6.225,112400
2022-12-20,6.305,6.35,6.25,6.25,246600
2022-12-21,6.34,6.36,6.31,6.32,222400
2022-12-22,6.51,6.54,6.505,6.52,605000
2022-12-23,6.465,6.52,6.465,6.5,438200
2022-12-28,6.55,6.64,6.55,6.59,4430400
2022-12-29,6.54,6.555,6.49,6.49,106800
2022-12-30,6.55,6.57,6.52,6.52,169400
2023-01-03,6.64,6.73,6.61,6.725,538200
2023-01-04,6.41,6.44,6.37,6.39,693800
2023-01-05,6.3,6.35,6.155,6.16,1605200
2023-01-06,6.23,6.25,6.195,6.195,517800
2023-01-09,6.23,6.3,6.22,6.3,459000
2023-01-10,6.3,6.3,6.21,6.21,110800
2023-01-11,6.23,6.25,6.22,6.245,152600
2023-01-12,6.495,6.5,6.465,6.49,575800
2023-01-13,6.535,6.585,6.525,6.585,459000
2023-01-16,6.64,6.66,6.615,6.615,414400
2023-01-17,6.6,6.645,6.59,6.61,654200
2023-01-18,6.61,6.795,6.61,6.75,1129500
2023-01-19,6.6,6.6,6.55,6.595,124400
2023-01-20,6.6,6.77,6.6,6.765,845200
2023-01-26,6.725,6.725,6.7,6.72,257400
2023-01-27,6.72,6.8,6.72,6.775,513000
2023-01-30,6.695,6.695,6.59,6.6,220200
2023-01-31,6.55,6.55,6.46,6.48,254400
2023-02-01,6.6,6.625,6.6,6.625,157600
2023-02-02,6.635,6.635,6.405,6.405,626800
2023-02-03,6.395,6.395,6.315,6.32,536200
2023-02-06,6.2,6.205,6.15,6.2,1108800
2023-02-07,6.26,6.33,6.26,6.33,378400
2023-02-08,6.44,6.48,6.44,6.48,434000
2023-02-09,6.515,6.565,6.515,6.54,407000
2023-02-10,6.53,6.53,6.48,6.495,177400
2023-02-13,6.52,6.61,6.52,6.585,408000
2023-02-14,6.595,6.645,6.595,6.635,461400
2023-02-15,6.58,6.585,6.505,6.51,57600
2023-02-16,6.52,6.62,6.52,6.62,301400
2023-02-17,6.515,6.53,6.465,6.475,85800
2023-02-20,6.365,6.45,6.365,6.45,121000
2023-02-21,6.45,6.45,6.37,6.44,971800
2023-02-22,6.355,6.38,6.33,6.33,348200
2023-02-23,6.25,6.25,6.185,6.2,762000
2023-02-24,6.335,6.36,6.33,6.36,574000
2023-02-27,6.36,6.375,6.32,6.345,187400
2023-02-28,6.305,6.36,6.3,6.36,312200
2023-03-01,6.4,6.475,6.4,6.475,1105200
2023-03-02,6.475,6.485,6.44,6.45,325600
2023-03-03,6.455,6.51,6.455,6.49,1771000
2023-03-06,6.615,6.615,6.57,6.61,589000
2023-03-07,6.685,6.73,6.685,6.71,1141800
2023-03-08,6.44,6.475,6.42,6.425,346200
2023-03-09,6.39,6.395,6.38,6.38,673800
2023-03-10,6.345,6.345,6.25,6.27,916000
2023-03-13,6.375,6.42,6.37,6.42,180800
2023-03-14,6.245,6.245,6.15,6.165,984800
2023-03-15,6.1,6.1,6.02,6.045,2385000
2023-03-16,5.99,5.99,5.66,5.68,3480800
2023-03-17,5.72,5.8,5.72,5.785,728200
2023-03-20,5.72,5.72,5.43,5.44,1340000
2023-03-21,5.64,5.655,5.6,5.61,499800
2023-03-22,5.78,5.79,5.755,5.765,569400
2023-03-23,5.83,5.885,5.83,5.875,339200
2023-03-24,5.87,5.875,5.77,5.84,216600
2023-03-27,5.78,5.845,5.78,5.83,300800
2023-03-28,6.075,6.1,6.06,6.085,759400
2023-03-29,6.16,6.17,6.13,6.155,851600
2023-03-30,6.085,6.115,6.065,6.115,583000
2023-03-31,6.17,6.22,6.16,6.175,1256000
2023-04-03,6.58,6.655,6.57,6.64,3473000
2023-04-04,6.68,6.745,6.68,6.735,1125400
2023-04-06,6.65,6.68,6.635,6.675,392600
2023-04-11,6.65,6.69,6.63,6.68,241200
2023-04-12,6.72,6.795,6.72,6.77,1026400
2023-04-13,6.825,6.9,6.825,6.89,447200
2023-04-14,6.84,6.855,6.795,6.795,207600
2023-04-17,6.84,6.85,6.835,6.845,85000
2023-04-18,6.735,6.755,6.73,6.73,149200
2023-04-19,6.73,6.75,6.665,6.665,1612000
2023-04-20,6.565,6.565,6.48,6.49,261400
2023-04-21,6.415,6.44,6.395,6.435,363400
2023-04-24,6.45,6.45,6.405,6.44,141600
2023-04-25,6.56,6.59,6.56,6.585,393800
2023-04-26,6.45,6.475,6.43,6.43,137400
2023-04-27,6.225,6.24,6.21,6.235,406800
2023-04-28,6.25,6.28,6.245,6.245,188800
2023-05-02,6.32,6.335,6.29,6.29,124600
2023-05-03,6.1,6.1,5.93,5.935,1318000
2023-05-04,5.85,5.85,5.75,5.8,2731200
2023-05-05,5.77,5.85,5.76,5.85,1028000
2023-05-08,5.97,6.055,5.96,6.055,641600
2023-05-09,6.095,6.11,6.05,6.05,1197600
2023-05-10,6.15,6.15,6.1,6.1,333200
2023-05-11,6.1,6.145,6.1,6.12,112600
2023-05-12,5.95,5.95,5.895,5.905,445200
2023-05-15,5.88,5.885,5.83,5.88,334200
2023-05-16,5.99,6.015,5.95,5.97,252200
2023-05-17,5.92,5.955,5.885,5.9,125200
2023-05-18,6.09,6.11,6.085,6.105,359200
2023-05-19,6.05,6.11,6.035,6.1,227800
2023-05-22,6.035,6.035,5.94,5.985,196800
2023-05-23,6.08,6.09,6.025,6.03,342800
2023-05-24,6.12,6.205,6.12,6.155,938800
2023-05-25,6.215,6.25,6.195,6.2,452400
2023-05-29,6.18,6.185,6.155,6.16,76000
2023-05-30,6.16,6.16,6.08,6.09,120000
2023-05-31,5.895,5.895,5.815,5.82,588600
2023-06-01,5.75,5.8,5.74,5.765,485400
2023-06-02,5.92,5.985,5.92,5.965,442600
2023-06-05,6.055,6.17,6.055,6.17,401000
2023-06-06,6.05,6.055,5.96,5.98,261000
2023-06-07,6,6.025,6,6,74000
2023-06-08,6.105,6.14,6.095,6.125,282800
2023-06-09,6,6.02,5.98,6.02,71200
2023-06-12,5.875,5.88,5.81,5.81,616600
2023-06-13,5.755,5.755,5.7,5.73,1322300
2023-06-14,5.855,5.93,5.85,5.93,919000
2023-06-15,5.785,5.82,5.765,5.81,327000
2023-06-16,5.93,5.995,5.93,5.965,656600
2023-06-19,6,6.03,5.97,6.03,146400
2023-06-20,6.01,6.05,6,6.04,184800
2023-06-21,6.02,6.05,6.02,6.025,388200
2023-06-23,5.89,5.89,5.78,5.78,416600
2023-06-26,5.89,5.91,5.855,5.88,234200
2023-06-27,5.88,5.94,5.88,5.885,396000
2023-06-28,5.765,5.79,5.755,5.775,980900
2023-06-29,5.885,5.9,5.855,5.855,333400
2023-06-30,5.905,5.95,5.905,5.95,603800
2023-07-03,5.975,5.985,5.96,5.98,134000
2023-07-04,5.925,5.96,5.925,5.96,705400
2023-07-05,5.98,6.085,5.98,6.085,865600
2023-07-06,6.07,6.085,6.05,6.055,470000
2023-07-07,6.065,6.1,6.05,6.085,341600
2023-07-10,6.2,6.21,6.165,6.165,503600
2023-07-11,6.17,6.2,6.17,6.195,325000
2023-07-12,6.3,6.325,6.285,6.31,632600
2023-07-13,6.31,6.405,6.31,6.39,410400
2023-07-14,6.48,6.485,6.445,6.46,479200
2023-07-18,6.29,6.29,6.235,6.255,148800
2023-07-19,6.295,6.38,6.295,6.37,141200
2023-07-20,6.37,6.38,6.36,6.36,24400
2023-07-21,6.38,6.45,6.38,6.445,216400
2023-07-24,6.44,6.495,6.44,6.455,671200
2023-07-25,6.6,6.655,6.6,6.62,462000
2023-07-26,6.66,6.685,6.66,6.68,366800
2023-07-27,6.68,6.7,6.675,6.685,466800
2023-07-28,6.685,6.735,6.685,6.725,402200
2023-07-31,6.75,6.775,6.74,6.765,150000
2023-08-01,6.855,6.875,6.825,6.825,293200
2023-08-02,6.88,6.92,6.865,6.865,417600
2023-08-03,6.71,6.725,6.635,6.635,278400
2023-08-04,6.875,6.89,6.85,6.89,337600
2023-08-07,6.95,6.96,6.935,6.935,244400
2023-08-08,6.9,6.91,6.83,6.83,86200
2023-08-09,6.9,6.985,6.9,6.985,424800
2023-08-10,7.05,7.1,7.045,7.08,1437800
2023-08-11,6.975,6.98,6.95,6.97,96600
2023-08-14,6.965,6.965,6.89,6.925,293000
2023-08-15,6.93,6.955,6.9,6.9,77400
2023-08-16,6.805,6.835,6.785,6.825,379800
2023-08-17,6.7,6.75,6.69,6.75,154800
2023-08-18,6.785,6.805,6.76,6.775,467800
2023-08-21,6.865,6.9,6.865,6.89,90600
2023-08-22,6.8,6.805,6.775,6.775,108200
2023-08-23,6.775,6.78,6.725,6.73,124400
2023-08-24,6.69,6.71,6.655,6.655,171800
2023-08-25,6.73,6.76,6.725,6.755,347800
2023-08-28,6.79,6.815,6.77,6.81,76800
2023-08-29,6.78,6.82,6.775,6.82,77000
2023-08-30,6.9,6.93,6.9,6.93,147000
2023-08-31,6.935,6.94,6.91,6.94,103800
2023-09-04,7.2,7.225,7.2,7.22,844200
2023-09-05,7.2,7.25,7.19,7.195,553600
2023-09-06,7.32,7.33,7.29,7.3,352300
2023-09-07,7.35,7.395,7.35,7.36,318600
2023-09-11,7.34,7.38,7.34,7.38,352000
2023-09-12,7.38,7.41,7.38,7.41,133400
2023-09-13,7.5,7.55,7.5,7.535,571900
2023-09-14,7.51,7.54,7.505,7.53,252600
2023-09-15,7.6,7.685,7.6,7.655,230800
2023-09-18,7.655,7.685,7.65,7.68,349800
2023-09-19,7.68,7.68,7.65,7.66,129600
2023-09-20,7.62,7.62,7.55,7.565,409400
2023-09-21,7.5,7.52,7.465,7.49,182800
2023-09-22,7.59,7.62,7.58,7.59,181200
2023-09-25,7.59,7.6,7.55,7.55,388400
2023-09-26,7.53,7.545,7.42,7.45,232000
2023-09-27,7.45,7.66,7.45,7.65,246600
2023-09-28,7.87,7.87,7.815,7.815,440800
2023-09-29,7.68,7.685,7.66,7.66,136000
2023-10-03,7.6,7.6,7.38,7.44,310800
2023-10-04,7.48,7.48,7.405,7.405,122200
2023-10-05,7.2,7.2,7.04,7.07,358800
2023-10-06,7,7,6.915,6.965,188200
2023-10-09,7.205,7.22,7.14,7.215,961000
2023-10-10,7.215,7.235,7.155,7.21,330400
2023-10-11,7.22,7.25,7.21,7.23,331600
2023-10-12,7.04,7.11,7.025,7.11,501000
2023-10-13,7.11,7.19,7.085,7.19,39000
2023-10-16,7.3,7.425,7.3,7.395,413600
2023-10-17,7.395,7.395,7.295,7.34,179000
2023-10-18,7.475,7.54,7.475,7.485,165400
2023-10-19,7.5,7.5,7.425,7.435,199400
2023-10-20,7.6,7.665,7.6,7.635,468600
2023-10-24,7.43,7.435,7.385,7.42,388400
2023-10-25,7.3,7.3,7.215,7.23,164800
2023-10-26,7.39,7.405,7.325,7.385,117600
2023-10-27,7.2,7.345,7.2,7.33,136800
2023-10-30,7.345,7.35,7.275,7.29,69600
2023-10-31,7.29,7.29,7.15,7.17,220800
2023-11-01,7.17,7.17,7.06,7.09,152000
2023-11-02,7.105,7.11,7.09,7.1,27200
2023-11-03,7.2,7.24,7.195,7.235,183000
2023-11-06,7.09,7.11,7.07,7.1,563400
2023-11-07,7.05,7.055,6.99,6.99,249200
2023-11-08,6.8,6.805,6.75,6.79,629800
2023-11-09,6.695,6.7,6.62,6.655,473800
2023-11-10,6.665,6.7,6.655,6.68,211400
2023-11-13,6.735,6.74,6.71,6.73,75600
2023-11-14,6.8,6.895,6.8,6.88,173800
2023-11-15,6.885,6.905,6.86,6.88,95600
2023-11-16,6.8,6.8,6.715,6.735,243000
2023-11-17,6.65,6.65,6.47,6.48,460400
2023-11-20,6.715,6.775,6.715,6.75,1403600
2023-11-21,6.84,6.865,6.815,6.825,550000
2023-11-22,6.88,6.88,6.85,6.88,56200
2023-11-23,6.72,6.77,6.72,6.77,79800
2023-11-24,6.78,6.785,6.76,6.77,137200
2023-11-27,6.695,6.7,6.63,6.65,145200
2023-11-28,6.65,6.675,6.625,6.64,94800
2023-11-29,6.79,6.79,6.76,6.77,149600
2023-11-30,6.85,6.94,6.85,6.93,258800
2023-12-01,6.82,6.82,6.67,6.71,240600
2023-12-04,6.705,6.705,6.51,6.51,255800
2023-12-05,6.5,6.52,6.495,6.52,733400
2023-12-06,6.44,6.45,6.425,6.435,167400
2023-12-07,6.295,6.295,6.195,6.22,273600
2023-12-08,6.215,6.305,6.215,6.29,538800
